Id,fold,actual,predicted,residual
4,0,4316715.0,3139136.3795815515,1177578.6204184485
12,0,1734634.0,2439062.6081771012,-704428.6081771012
16,0,19696939.0,5026633.1518502105,14670305.84814979
18,0,5337526.0,3851934.7970323884,1485591.2029676116
19,0,2021934.0,3654399.541286997,-1632465.541286997
26,0,2267425.0,3729696.558663104,-1462271.5586631042
27,0,5435276.0,4139669.9095318886,1295606.0904681114
31,0,2058644.0,3689204.0949225747,-1630560.0949225747
36,0,3028267.0,3692319.210041489,-664052.210041489
42,0,4952255.0,4750917.344585918,201337.6554140821
45,0,3752885.0,3925350.123099633,-172465.12309963303
56,0,2390534.0,3870001.5150860227,-1479467.5150860227
64,0,2551252.0,4529699.832767635,-1978447.8327676347
66,0,1882131.0,3588075.3796083042,-1705944.3796083042
67,0,4052733.0,5288327.23952483,-1235594.2395248301
69,0,3452382.0,4306871.117530165,-854489.1175301652
84,0,4250553.0,3871389.1681113727,379163.83188862726
85,0,7495092.0,4868515.316554079,2626576.683445921
89,0,2364478.0,4689834.2672782205,-2325356.2672782205
100,0,9652350.0,4952377.602662666,4699972.397337334
104,0,4467728.0,4043165.711736159,424562.28826384107
105,0,2792031.0,3273455.6305042077,-481424.6305042077
109,0,4219263.0,3747222.178587501,472040.82141249906
115,0,4882985.0,3745862.10118805,1137122.8988119499
123,0,4263629.0,3599282.998816099,664346.001183901
125,0,4780607.0,3770072.701309729,1010534.2986902711
132,0,5787594.0,3955832.162808895,1831761.837191105
133,0,9262754.0,4348606.719611034,4914147.280388966
0,1,5653753.0,4168894.86347629,1484858.13652371
10,1,3745135.0,3346022.1165158274,399112.88348417263
11,1,5161370.0,3411840.457579522,1749529.542420478
15,1,3218918.0,3867364.6212097835,-648446.6212097835
22,1,3956086.0,4895441.122986627,-939355.1229866268
24,1,8904084.0,4080623.257630481,4823460.74236952
30,1,3008199.0,3171495.414424203,-163296.41442420287
39,1,3818055.0,4062255.6716595464,-244200.67165954644
40,1,6836483.0,3862740.838630434,2973742.161369566
44,1,4264176.0,3727725.2374954578,536450.7625045422
47,1,7865428.0,4339266.420816766,3526161.579183234
51,1,3273041.0,3805086.5252917698,-532045.5252917698
55,1,6941173.0,3975935.037489808,2965237.962510192
60,1,3164972.0,3652548.880823357,-487576.88082335703
62,1,5286212.0,3752139.4505129736,1534072.5494870264
73,1,3347767.0,5301464.988809,-1953697.9888089998
76,1,4590423.0,3845742.6375606544,744680.3624393456
78,1,3871344.0,3698936.2035730933,172407.79642690672
80,1,3727364.0,5023446.4798875945,-1296082.4798875945
86,1,3351383.0,3683264.9063703143,-331881.9063703143
93,1,3410878.0,3264249.3475331706,146628.6524668294
97,1,6694797.0,4485622.253745755,2209174.746254245
98,1,2344689.0,3620692.0935357264,-1276003.0935357264
101,1,4758476.0,3459469.9006696395,1299006.0993303605
114,1,4155435.0,4362687.960686569,-207252.9606865691
117,1,2018785.0,4085494.635585168,-2066709.635585168
122,1,4286645.0,4119418.4053031127,167226.5946968873
130,1,3376145.0,3807576.3406880354,-431431.34068803536
3,2,2675511.0,3885570.8981401487,-1210059.8981401487
5,2,5017319.0,4277823.6776220575,739495.3223779425
7,2,4491607.0,4602827.048290972,-111220.04829097167
8,2,4952497.0,3451465.7355809775,1501031.2644190225
9,2,5444227.0,4338275.079016895,1105951.920983105
13,2,4807746.0,5286130.768996294,-478384.76899629366
25,2,3778621.0,4297510.137576366,-518889.13757636584
28,2,4705945.0,5283616.791104463,-577671.7911044629
33,2,2371202.0,2156234.254288427,214967.74571157293
34,2,4100886.0,4837676.216405716,-736790.2164057158
35,2,3903884.0,4364899.697573614,-461015.6975736143
43,2,2732645.0,3456819.1746298373,-724174.1746298373
49,2,8630682.0,4269612.733508808,4361069.266491192
53,2,5595267.0,2320370.0999686345,3274896.9000313655
65,2,1756069.0,2266765.589730236,-510696.5897302362
68,2,3836721.0,4080368.232432515,-243647.2324325149
70,2,3982767.0,5559848.1748109255,-1577081.1748109255
77,2,1904842.0,2517135.3646804267,-612293.3646804267
81,2,4066618.0,5352808.211968578,-1286190.2119685784
82,2,3807496.0,3285525.6578368186,521970.3421631814
83,2,5966193.0,5209809.930417422,756383.0695825778
94,2,3753720.0,3050841.017170292,702878.9828297081
108,2,3570392.0,2638201.9487735583,932190.0512264417
113,2,2097022.0,3506224.5871112943,-1409202.5871112943
119,2,3780019.0,2436635.5821871236,1343383.4178128764
124,2,3810007.0,3665424.2829317353,144582.71706826473
127,2,7592272.0,3387093.5764563745,4205178.4235436255
6,3,5166635.0,4239310.21519583,927324.78480417
17,3,8213524.0,3525949.31786941,4687574.68213059
32,3,3261924.0,3526233.8795938804,-264309.8795938804
38,3,5461700.0,4777656.342987944,684043.6570120556
41,3,4554237.0,4656727.90033875,-102490.90033875033
46,3,4250758.0,4028471.967891976,222286.03210802423
48,3,7201784.0,3792387.619976813,3409396.380023187
50,3,2156098.0,3652539.725798614,-1496441.7257986139
54,3,4651866.0,3998760.136329659,653105.8636703412
57,3,3258837.0,4057109.269111365,-798272.2691113651
58,3,3004429.0,3973495.6908360925,-969066.6908360925
61,3,4350573.0,5487506.685033875,-1136933.6850338746
72,3,2525375.0,4024660.1674766457,-1499285.1674766457
75,3,16549064.0,4461599.988498946,12087464.011501055
79,3,6313221.0,4116083.314326455,2197137.685673545
88,3,2025297.0,2157602.838599454,-132305.83859945415
90,3,3426169.0,3512017.829366804,-85848.8293668041
91,3,2083447.0,4023149.7836809224,-1939702.7836809224
95,3,1270499.0,3253306.494851808,-1982807.494851808
96,3,6412623.0,3589988.1674241354,2822634.8325758646
110,3,2954086.0,3818879.610109098,-864793.6101090978
111,3,2993069.0,3276564.8192269728,-283495.81922697276
112,3,3784230.0,5021960.130361879,-1237730.1303618792
120,3,4067566.0,3615414.486480045,452151.51351995487
129,3,3939804.0,4555920.9849305395,-616116.9849305395
134,3,2544857.0,3872946.3572476045,-1328089.3572476045
135,3,7217634.0,4501537.692177125,2716096.3078228747
1,4,6923131.0,4132537.8711269116,2790593.1288730884
2,4,2055379.0,2288491.5564459823,-233112.5564459823
14,4,1999097.0,3603205.749512695,-1604108.7495126948
20,4,5525735.0,3793920.224091165,1731814.7759088352
21,4,1149870.0,3127193.271664679,-1977323.271664679
23,4,2999068.0,3400673.547316992,-401605.5473169922
29,4,3447890.0,3419353.4048642693,28536.59513573069
37,4,2740687.0,3549274.600818121,-808587.6008181209
52,4,1763231.0,2436871.8072312274,-673640.8072312274
59,4,3600467.0,5180480.594595304,-1580013.5945953038
63,4,1619683.0,2423798.1047199373,-804115.1047199373
71,4,4136425.0,4490816.193083013,-354391.1930830134
74,4,5500818.0,4404460.586975411,1096357.4130245894
87,4,5906596.0,5071655.919233304,834940.0807666956
92,4,6782425.0,5378971.564402618,1403453.4355973816
99,4,13575224.0,5097410.512026928,8477813.487973072
102,4,2738052.0,4314084.999711293,-1576032.9997112928
103,4,4429512.0,3276111.99098515,1153400.00901485
106,4,4888774.0,3412816.4011698486,1475957.5988301514
107,4,3248660.0,3940923.881703499,-692263.8817034988
116,4,8894598.0,3439044.1018403475,5455553.898159653
118,4,1847826.0,4852038.291199974,-3004212.291199974
121,4,3445076.0,4130321.8744192105,-685245.8744192105
126,4,4015749.0,3836580.6818892546,179168.3181107454
128,4,2383840.0,3646784.9738177056,-1262944.9738177056
131,4,3199619.0,3704475.110177633,-504856.1101776329
136,4,6363241.0,5901748.999412922,461492.0005870778
6,5,5166635.0,3714290.1869050628,1452344.8130949372
7,5,4491607.0,4337891.169296815,153715.83070318494
9,5,5444227.0,4328775.487579218,1115451.512420782
13,5,4807746.0,5228560.37737795,-420814.37737794966
17,5,8213524.0,3643113.1530744494,4570410.846925551
19,5,2021934.0,3604459.165350388,-1582525.1653503878
20,5,5525735.0,3495350.39655157,2030384.60344843
24,5,8904084.0,4590909.700831396,4313174.299168604
34,5,4100886.0,4223538.604492156,-122652.60449215584
40,5,6836483.0,3869981.188028956,2966501.811971044
46,5,4250758.0,3549619.6560413833,701138.3439586167
47,5,7865428.0,3166073.3235901347,4699354.676409865
49,5,8630682.0,4471522.681091388,4159159.3189086122
52,5,1763231.0,1946200.8939490726,-182969.89394907258
54,5,4651866.0,4223593.052131085,428272.9478689153
64,5,2551252.0,4552080.45349171,-2000828.4534917101
66,5,1882131.0,3715620.9176141997,-1833489.9176141997
67,5,4052733.0,4381141.7053878335,-328408.7053878335
68,5,3836721.0,4104083.2017431846,-267362.2017431846
79,5,6313221.0,4282882.713811656,2030338.2861883435
80,5,3727364.0,5018307.232171066,-1290943.232171066
82,5,3807496.0,3580557.616654361,226938.38334563887
101,5,4758476.0,3455923.249126741,1302552.7508732588
109,5,4219263.0,4395070.064392532,-175807.06439253222
110,5,2954086.0,3486661.171454148,-532575.1714541479
113,5,2097022.0,3793886.2237235717,-1696864.2237235717
116,5,8894598.0,3477559.7111536693,5417038.288846331
121,5,3445076.0,4314599.467305988,-869523.4673059881
10,6,3745135.0,2744493.921783792,1000641.0782162081
15,6,3218918.0,4321881.023056303,-1102963.0230563032
18,6,5337526.0,4086838.50194942,1250687.4980505798
21,6,1149870.0,2645535.911019815,-1495665.9110198151
25,6,3778621.0,3952204.171105227,-173583.17110522697
30,6,3008199.0,3230922.9827078297,-222723.98270782968
32,6,3261924.0,3614855.852470276,-352931.85247027595
33,6,2371202.0,2092777.3727559198,278424.6272440802
37,6,2740687.0,3990479.1473969645,-1249792.1473969645
39,6,3818055.0,4671607.373707172,-853552.3737071725
45,6,3752885.0,4555681.514791696,-802796.5147916963
53,6,5595267.0,2387412.404411805,3207854.595588195
59,6,3600467.0,4769513.670884627,-1169046.670884627
60,6,3164972.0,4052500.733753431,-887528.7337534311
72,6,2525375.0,3969674.195441478,-1444299.195441478
75,6,16549064.0,4149198.1659130603,12399865.83408694
84,6,4250553.0,4191802.6148991,58750.385100900196
87,6,5906596.0,4631789.798943854,1274806.201056146
90,6,3426169.0,3004162.8292834917,422006.1707165083
92,6,6782425.0,5216994.748690318,1565430.2513096817
97,6,6694797.0,4459363.0506892465,2235433.9493107535
98,6,2344689.0,3547348.350511602,-1202659.3505116021
111,6,2993069.0,2579277.1820351104,413791.8179648896
115,6,4882985.0,3928392.7440460883,954592.2559539117
118,6,1847826.0,4940445.412754127,-3092619.412754127
119,6,3780019.0,2615189.077151393,1164829.922848607
124,6,3810007.0,3908191.254001243,-98184.25400124304
133,6,9262754.0,4536839.202893115,4725914.797106885
1,7,6923131.0,4208065.923067386,2715065.0769326137
8,7,4952497.0,3579149.901118846,1373347.0988811539
11,7,5161370.0,3737055.002609697,1424314.9973903028
16,7,19696939.0,4870694.87455641,14826244.125443589
23,7,2999068.0,3889164.9551691464,-890096.9551691464
36,7,3028267.0,4463013.743519369,-1434746.7435193686
38,7,5461700.0,3987735.6834038976,1473964.3165961024
48,7,7201784.0,4208030.455251797,2993753.544748203
55,7,6941173.0,4065172.5256079286,2876000.4743920714
57,7,3258837.0,3930751.54638582,-671914.54638582
63,7,1619683.0,2364609.4443843737,-744926.4443843737
69,7,3452382.0,3143758.9440100105,308623.05598998955
71,7,4136425.0,3896549.2614722084,239875.73852779157
73,7,3347767.0,4751101.659158945,-1403334.659158945
77,7,1904842.0,3055947.395343715,-1151105.3953437149
78,7,3871344.0,3525321.4770695744,346022.5229304256
81,7,4066618.0,4427531.8271496305,-360913.8271496305
86,7,3351383.0,3366209.868163057,-14826.868163057137
94,7,3753720.0,3364746.7704381575,388973.2295618425
104,7,4467728.0,3873321.7744104215,594406.2255895785
105,7,2792031.0,3014189.1124446094,-222158.1124446094
106,7,4888774.0,4010209.9155482263,878564.0844517737
107,7,3248660.0,4154296.608856188,-905636.6088561881
114,7,4155435.0,4517825.176932406,-362390.1769324057
117,7,2018785.0,4418596.922333756,-2399811.9223337565
120,7,4067566.0,3602061.113274442,465504.88672555797
125,7,4780607.0,3808267.2733881585,972339.7266118415
2,8,2055379.0,2531196.482655854,-475817.48265585396
5,8,5017319.0,4596245.973196024,421073.0268039759
12,8,1734634.0,3075059.8825864336,-1340425.8825864336
27,8,5435276.0,4825874.200268379,609401.7997316206
29,8,3447890.0,3658094.0868527703,-210204.0868527703
31,8,2058644.0,4069686.3102320917,-2011042.3102320917
35,8,3903884.0,4167206.5991479424,-263322.5991479424
43,8,2732645.0,4113995.289673211,-1381350.289673211
44,8,4264176.0,3822401.2693667533,441774.7306332467
56,8,2390534.0,3451625.2246448733,-1061091.2246448733
58,8,3004429.0,4073546.465651393,-1069117.465651393
61,8,4350573.0,5417205.351197685,-1066632.351197685
65,8,1756069.0,2738498.273932667,-982429.273932667
70,8,3982767.0,5052330.506078693,-1069563.506078693
74,8,5500818.0,3901972.6667184015,1598845.3332815985
83,8,5966193.0,4672656.978695335,1293536.0213046651
85,8,7495092.0,6192342.573338959,1302749.4266610406
88,8,2025297.0,2343604.759945046,-318307.75994504616
91,8,2083447.0,4217662.666353046,-2134215.666353046
96,8,6412623.0,3796371.090635575,2616251.909364425
99,8,13575224.0,4428532.011832136,9146691.988167863
103,8,4429512.0,3017964.3073219354,1411547.6926780646
126,8,4015749.0,4406560.766699102,-390811.7666991018
128,8,2383840.0,4501189.104652109,-2117349.1046521086
129,8,3939804.0,4661419.41894856,-721615.41894856
131,8,3199619.0,4355177.620053367,-1155558.6200533668
134,8,2544857.0,3705180.795252002,-1160323.7952520018
0,9,5653753.0,4754412.6530382605,899340.3469617395
3,9,2675511.0,3890339.4809374474,-1214828.4809374474
4,9,4316715.0,3551614.3835174735,765100.6164825265
14,9,1999097.0,3524285.791280083,-1525188.791280083
22,9,3956086.0,4846625.6623775605,-890539.6623775605
26,9,2267425.0,4374403.172725884,-2106978.1727258842
28,9,4705945.0,5368391.315041975,-662446.3150419751
41,9,4554237.0,4806175.159200384,-251938.15920038428
42,9,4952255.0,4529252.917726952,423002.08227304835
50,9,2156098.0,3971442.845973043,-1815344.8459730428
51,9,3273041.0,3713218.9940207624,-440177.9940207624
62,9,5286212.0,3943582.5177398697,1342629.4822601303
76,9,4590423.0,3674974.3796804217,915448.6203195783
89,9,2364478.0,3786498.421652402,-1422020.4216524018
93,9,3410878.0,3875147.61046667,-464269.6104666698
95,9,1270499.0,3045990.704010607,-1775491.7040106072
100,9,9652350.0,4299848.938655035,5352501.061344965
102,9,2738052.0,4106439.485317642,-1368387.4853176419
108,9,3570392.0,2975748.03981553,594643.9601844698
112,9,3784230.0,4962865.8996344255,-1178635.8996344255
122,9,4286645.0,4164035.6320943804,122609.36790561955
123,9,4263629.0,3066410.0978498114,1197218.9021501886
127,9,7592272.0,3302705.872655072,4289566.127344929
130,9,3376145.0,3419110.570191798,-42965.5701917978
132,9,5787594.0,3706844.6492726235,2080749.3507273765
135,9,7217634.0,4346375.244085197,2871258.7559148027
136,9,6363241.0,4582817.61321187,1780423.3867881298
0,10,5653753.0,4495196.558832857,1158556.4411671432
4,10,4316715.0,3420216.162196825,896498.8378031752
10,10,3745135.0,3273569.636187947,471565.3638120531
11,10,5161370.0,3626969.847091017,1534400.1529089832
12,10,1734634.0,2531164.152675878,-796530.1526758778
14,10,1999097.0,3716824.667060968,-1717727.667060968
15,10,3218918.0,3984857.518161652,-765939.5181616521
25,10,3778621.0,4437182.9761644155,-658561.9761644155
33,10,2371202.0,2633414.3192943004,-262212.3192943004
38,10,5461700.0,4969989.140272783,491710.8597272169
49,10,8630682.0,4368731.1727793915,4261950.8272206085
51,10,3273041.0,3552143.683104963,-279102.68310496304
54,10,4651866.0,3871290.8455340504,780575.1544659496
55,10,6941173.0,3941855.6144551085,2999317.3855448915
61,10,4350573.0,4730019.718647595,-379446.71864759456
64,10,2551252.0,4586081.4571424965,-2034829.4571424965
78,10,3871344.0,3495886.6485770247,375457.3514229753
82,10,3807496.0,3276866.268163121,530629.7318368792
86,10,3351383.0,3694164.037261176,-342781.0372611759
87,10,5906596.0,4744542.221715548,1162053.778284452
94,10,3753720.0,3251339.382609029,502380.61739097117
101,10,4758476.0,3813204.659659162,945271.3403408378
102,10,2738052.0,4447812.592086603,-1709760.592086603
114,10,4155435.0,4167939.495062624,-12504.495062624104
127,10,7592272.0,3506785.438781527,4085486.561218473
131,10,3199619.0,4636394.419752606,-1436775.4197526062
134,10,2544857.0,3340154.5458072885,-795297.5458072885
136,10,6363241.0,4976063.227432565,1387177.7725674352
5,11,5017319.0,4336291.173971908,681027.8260280918
9,11,5444227.0,4299112.700344269,1145114.2996557308
22,11,3956086.0,4452692.434317438,-496606.43431743793
30,11,3008199.0,3353896.1064682864,-345697.10646828637
31,11,2058644.0,4272824.759539731,-2214180.759539731
39,11,3818055.0,4999950.9745633835,-1181895.9745633835
41,11,4554237.0,5331165.186168063,-776928.1861680634
42,11,4952255.0,4686176.2681776285,266078.7318223715
44,11,4264176.0,3735993.8958467557,528182.1041532443
46,11,4250758.0,4096346.3565439223,154411.64345607767
52,11,1763231.0,2366066.8898746693,-602835.8898746693
56,11,2390534.0,3550364.4913180084,-1159830.4913180084
57,11,3258837.0,4036274.1309021623,-777437.1309021623
62,11,5286212.0,3856561.78166601,1429650.2183339898
69,11,3452382.0,3292789.6204427616,159592.37955723843
72,11,2525375.0,4471764.258562067,-1946389.2585620666
73,11,3347767.0,5131011.422233809,-1783244.4222338088
76,11,4590423.0,3953402.4642843017,637020.5357156983
77,11,1904842.0,3067819.9991763947,-1162977.9991763947
80,11,3727364.0,5688269.602126557,-1960905.6021265574
84,11,4250553.0,4199434.807419338,51118.19258066174
96,11,6412623.0,3836484.5465461123,2576138.4534538877
105,11,2792031.0,3074152.5615283325,-282121.56152833253
110,11,2954086.0,3927235.4610428927,-973149.4610428927
117,11,2018785.0,4606044.4131377125,-2587259.4131377125
122,11,4286645.0,4263214.621326423,23430.37867357675
129,11,3939804.0,4768355.470573556,-828551.4705735557
132,11,5787594.0,3838698.025518783,1948895.974481217
3,12,2675511.0,3935121.405873563,-1259610.4058735631
21,12,1149870.0,3177428.2393816663,-2027558.2393816663
26,12,2267425.0,4255806.602602289,-1988381.602602289
27,12,5435276.0,4039481.306075344,1395794.6939246561
28,12,4705945.0,4718111.473216122,-12166.473216122016
29,12,3447890.0,3492253.316332126,-44363.316332126036
43,12,2732645.0,3632894.0993146948,-900249.0993146948
45,12,3752885.0,4065048.978118955,-312163.97811895516
48,12,7201784.0,3721175.881151913,3480608.118848087
50,12,2156098.0,3843732.2175127855,-1687634.2175127855
58,12,3004429.0,3644058.818275556,-639629.818275556
63,12,1619683.0,2461716.0625035497,-842033.0625035497
68,12,3836721.0,4380723.977154888,-544002.9771548882
70,12,3982767.0,4473094.591673811,-490327.59167381097
75,12,16549064.0,4311916.935226777,12237147.064773224
85,12,7495092.0,5175928.381704118,2319163.618295882
91,12,2083447.0,3797276.1345392666,-1713829.1345392666
97,12,6694797.0,4383534.108377122,2311262.8916228777
99,12,13575224.0,4609636.729289676,8965587.270710323
100,12,9652350.0,4692392.1038421355,4959957.8961578645
106,12,4888774.0,3933157.145206975,955616.8547930252
107,12,3248660.0,4356721.163464047,-1108061.163464047
109,12,4219263.0,4296552.419213044,-77289.41921304446
113,12,2097022.0,3858318.3891923283,-1761296.3891923283
116,12,8894598.0,3446808.8729082653,5447789.127091735
125,12,4780607.0,3944275.6407878944,836331.3592121056
135,12,7217634.0,4579640.591876149,2637993.408123851
6,13,5166635.0,3999745.088681135,1166889.9113188651
7,13,4491607.0,4232353.091638656,259253.90836134367
13,13,4807746.0,4851943.798433606,-44197.79843360558
16,13,19696939.0,5036674.857777044,14660264.142222956
17,13,8213524.0,3719111.5017683804,4494412.49823162
20,13,5525735.0,3853943.082053937,1671791.917946063
24,13,8904084.0,4317545.15490796,4586538.84509204
34,13,4100886.0,4495659.54787152,-394773.5478715198
40,13,6836483.0,3790846.8238673457,3045636.1761326543
60,13,3164972.0,3892689.3044516467,-727717.3044516467
65,13,1756069.0,2504837.332382632,-748768.332382632
66,13,1882131.0,3569141.7521429393,-1687010.7521429393
67,13,4052733.0,4499575.073990344,-446842.07399034407
81,13,4066618.0,4148210.1560035013,-81592.15600350127
83,13,5966193.0,4330004.312879251,1636188.6871207487
88,13,2025297.0,2191520.1478025164,-166223.14780251635
90,13,3426169.0,3207871.9103784803,218297.08962151967
92,13,6782425.0,5272104.66472589,1510320.3352741096
93,13,3410878.0,3669022.498020824,-258144.49802082404
95,13,1270499.0,3147770.6641777735,-1877271.6641777735
108,13,3570392.0,3208521.976801272,361870.023198728
118,13,1847826.0,4676564.413127,-2828738.4131270004
119,13,3780019.0,2753708.867802536,1026310.1321974639
121,13,3445076.0,4020751.3353106696,-575675.3353106696
123,13,4263629.0,3326374.105064094,937254.8949359059
124,13,3810007.0,4177473.8956979006,-367466.89569790056
126,13,4015749.0,4066855.352375421,-51106.35237542121
1,14,6923131.0,3207858.892589976,3715272.107410024
2,14,2055379.0,1988658.3042388463,66720.69576115371
8,14,4952497.0,4138509.4145533317,813987.5854466683
18,14,5337526.0,3157368.773175368,2180157.226824632
19,14,2021934.0,4303625.848322039,-2281691.8483220385
23,14,2999068.0,3554694.5737633267,-555626.5737633267
32,14,3261924.0,3243840.485285329,18083.514714670833
35,14,3903884.0,3652655.827337669,251228.1726623308
36,14,3028267.0,3623202.63241455,-594935.63241455
37,14,2740687.0,3969358.3698362806,-1228671.3698362806
47,14,7865428.0,3377701.231537461,4487726.768462539
53,14,5595267.0,2663160.04665087,2932106.95334913
59,14,3600467.0,5183133.162144613,-1582666.1621446135
71,14,4136425.0,3455219.581011256,681205.4189887438
74,14,5500818.0,3503847.6931748423,1996970.3068251577
79,14,6313221.0,3341545.356131371,2971675.643868629
89,14,2364478.0,5599493.6199975815,-3235015.6199975815
98,14,2344689.0,3224459.393580755,-879770.3935807552
103,14,4429512.0,3207582.814163814,1221929.1858361862
104,14,4467728.0,3071704.23910309,1396023.76089691
111,14,2993069.0,3026381.3735157293,-33312.37351572933
112,14,3784230.0,5562890.484333232,-1778660.484333232
115,14,4882985.0,3244118.6083900537,1638866.3916099463
120,14,4067566.0,3958469.8436186896,109096.15638131043
128,14,2383840.0,3974658.2495508776,-1590818.2495508776
130,14,3376145.0,4453053.869336844,-1076908.8693368444
133,14,9262754.0,3981480.7827825528,5281273.217217447
2,15,2055379.0,2111661.730147514,-56282.73014751403
6,15,5166635.0,4040022.8659679093,1126612.1340320907
13,15,4807746.0,4652186.491009431,155559.50899056904
17,15,8213524.0,3393527.771199351,4819996.228800649
24,15,8904084.0,4434196.865024567,4469887.134975433
34,15,4100886.0,4836751.803957048,-735865.8039570479
37,15,2740687.0,3639249.3848483507,-898562.3848483507
40,15,6836483.0,3617694.9857016066,3218788.0142983934
43,15,2732645.0,3210317.8556807293,-477672.85568072926
44,15,4264176.0,3920265.534623554,343910.465376446
49,15,8630682.0,4476925.383229891,4153756.616770109
55,15,6941173.0,3600116.02257199,3341056.97742801
73,15,3347767.0,4454546.164815994,-1106779.164815994
74,15,5500818.0,3461220.407148938,2039597.5928510618
75,15,16549064.0,4557224.171168083,11991839.828831917
77,15,1904842.0,2574776.6001107204,-669934.6001107204
86,15,3351383.0,3683711.3015391026,-332328.30153910257
90,15,3426169.0,3159422.715272422,266746.28472757805
101,15,4758476.0,3825881.220316464,932594.7796835359
103,15,4429512.0,3336418.9043735065,1093093.0956264935
111,15,2993069.0,2488597.3736575916,504471.62634240836
113,15,2097022.0,3702905.409707628,-1605883.4097076282
115,15,4882985.0,3239370.460744233,1643614.5392557671
117,15,2018785.0,4248909.020224494,-2230124.020224494
119,15,3780019.0,2592485.286379938,1187533.713620062
121,15,3445076.0,4048488.4224920636,-603412.4224920636
122,15,4286645.0,3341301.8722733064,945343.1277266936
125,15,4780607.0,3257922.301598514,1522684.698401486
1,16,6923131.0,3975135.763439235,2947995.236560765
3,16,2675511.0,3890218.710863836,-1214707.710863836
9,16,5444227.0,4231762.652648042,1212464.347351958
10,16,3745135.0,3137963.6018744265,607171.3981255735
19,16,2021934.0,3754221.367774572,-1732287.3677745722
23,16,2999068.0,4207420.927911433,-1208352.9279114334
26,16,2267425.0,3951061.3358841715,-1683636.3358841715
27,16,5435276.0,4582287.848450673,852988.1515493272
30,16,3008199.0,3227758.710604211,-219559.71060421085
36,16,3028267.0,4367946.750238425,-1339679.750238425
42,16,4952255.0,4504067.383634988,448187.6163650118
45,16,3752885.0,4326900.824397806,-574015.8243978061
58,16,3004429.0,4014419.6082880297,-1009990.6082880297
64,16,2551252.0,4557940.37601222,-2006688.37601222
72,16,2525375.0,4252335.141683695,-1726960.141683695
79,16,6313221.0,4035076.04693058,2278144.95306942
81,16,4066618.0,4234074.796239149,-167456.79623914883
83,16,5966193.0,5150927.4754551705,815265.5245448295
87,16,5906596.0,4879587.681312254,1027008.3186877463
105,16,2792031.0,3108830.937613334,-316799.93761333404
108,16,3570392.0,2844306.7658006107,726085.2341993893
110,16,2954086.0,3842425.832577986,-888339.8325779862
114,16,4155435.0,4232153.177523743,-76718.17752374336
120,16,4067566.0,3763030.6434115903,304535.35658840975
123,16,4263629.0,3350981.553164821,912647.4468351789
126,16,4015749.0,4469600.012337331,-453851.0123373307
133,16,9262754.0,4489247.103779514,4773506.896220486
134,16,2544857.0,3721357.4426930803,-1176500.4426930803
20,17,5525735.0,3768379.9819553997,1757355.0180446003
21,17,1149870.0,3469046.663972774,-2319176.663972774
25,17,3778621.0,4093239.6827740455,-314618.6827740455
28,17,4705945.0,5073805.892284617,-367860.8922846168
32,17,3261924.0,3295640.9996113367,-33716.99961133674
33,17,2371202.0,2782398.625873496,-411196.6258734958
35,17,3903884.0,4083183.6424016384,-179299.64240163844
38,17,5461700.0,5658801.675249951,-197101.67524995096
47,17,7865428.0,3327498.5251056766,4537929.474894323
56,17,2390534.0,3773750.491996657,-1383216.491996657
60,17,3164972.0,3933625.805368282,-768653.8053682819
63,17,1619683.0,1984847.6146629842,-365164.61466298415
66,17,1882131.0,4085931.2245592517,-2203800.2245592517
68,17,3836721.0,4488445.0606587455,-651724.0606587455
70,17,3982767.0,5501131.174893278,-1518364.1748932777
71,17,4136425.0,4073582.333754459,62842.66624554107
76,17,4590423.0,4562412.378502588,28010.621497412212
78,17,3871344.0,3997639.1709134066,-126295.17091340665
80,17,3727364.0,5805623.5595092485,-2078259.5595092485
82,17,3807496.0,3768365.0464310017,39130.95356899826
84,17,4250553.0,4091524.7789586103,159028.22104138974
88,17,2025297.0,2088162.0514250821,-62865.05142508214
94,17,3753720.0,3249013.48655772,504706.5134422798
99,17,13575224.0,4969384.81016337,8605839.189836629
104,17,4467728.0,4682620.953862691,-214892.9538626913
131,17,3199619.0,4417436.7659337055,-1217817.7659337055
135,17,7217634.0,5122447.2159370305,2095186.7840629695
0,18,5653753.0,4929857.745416792,723895.2545832079
5,18,5017319.0,4777241.472797941,240077.52720205858
8,18,4952497.0,3866956.178182515,1085540.8218174851
11,18,5161370.0,4360016.984021457,801353.0159785431
12,18,1734634.0,2361248.4602841223,-626614.4602841223
15,18,3218918.0,4194359.271616321,-975441.271616321
16,18,19696939.0,6409487.333288678,13287451.666711323
18,18,5337526.0,4078180.061701739,1259345.9382982608
22,18,3956086.0,4418915.38521818,-462829.3852181798
29,18,3447890.0,3105125.170899626,342764.82910037413
39,18,3818055.0,5187371.6191936005,-1369316.6191936005
46,18,4250758.0,3363113.407272953,887644.5927270469
54,18,4651866.0,3275770.743436954,1376095.256563046
61,18,4350573.0,5516001.930347949,-1165428.9303479493
67,18,4052733.0,5282592.389291557,-1229859.3892915566
89,18,2364478.0,5111376.894016848,-2746898.894016848
92,18,6782425.0,4784323.2966006845,1998101.7033993155
93,18,3410878.0,3232313.466688618,178564.53331138194
95,18,1270499.0,2982442.7617537896,-1711943.7617537896
98,18,2344689.0,3182935.981115084,-838246.9811150841
102,18,2738052.0,5080443.411040244,-2342391.4110402437
109,18,4219263.0,3634830.074414398,584432.925585602
116,18,8894598.0,3303014.8379981513,5591583.162001848
127,18,7592272.0,3099653.8521135035,4492618.147886496
129,18,3939804.0,4417588.962483562,-477784.9624835616
130,18,3376145.0,3606500.122005282,-230355.12200528197
136,18,6363241.0,6363261.516170469,-20.516170469112694
4,19,4316715.0,3413185.538012987,903529.461987013
7,19,4491607.0,4166173.4499340686,325433.5500659314
14,19,1999097.0,3545001.8178747874,-1545904.8178747874
31,19,2058644.0,3714076.9956320175,-1655432.9956320175
41,19,4554237.0,4693167.948531493,-138930.9485314926
48,19,7201784.0,4107731.5435931575,3094052.4564068425
50,19,2156098.0,3551296.982830945,-1395198.982830945
51,19,3273041.0,3424194.5634720298,-151153.56347202975
52,19,1763231.0,2400497.7471851204,-637266.7471851204
53,19,5595267.0,2608856.7732304987,2986410.2267695013
57,19,3258837.0,3822310.2666513603,-563473.2666513603
59,19,3600467.0,4810034.692963841,-1209567.6929638414
62,19,5286212.0,4138450.522749425,1147761.477250575
65,19,1756069.0,2616958.109505486,-860889.1095054862
69,19,3452382.0,3494446.106691931,-42064.10669193091
85,19,7495092.0,6069578.115954503,1425513.8840454966
91,19,2083447.0,3597065.933329514,-1513618.9333295142
96,19,6412623.0,3997795.5777967214,2414827.4222032786
97,19,6694797.0,4360161.903737339,2334635.096262661
100,19,9652350.0,4737153.629563665,4915196.370436335
106,19,4888774.0,3532760.447022082,1356013.5529779182
107,19,3248660.0,4160932.660309413,-912272.660309413
112,19,3784230.0,4989546.2800666625,-1205316.2800666625
118,19,1847826.0,4589558.108465033,-2741732.1084650327
124,19,3810007.0,3864037.9864453548,-54030.98644535476
128,19,2383840.0,4577653.249454548,-2193813.2494545477
132,19,5787594.0,3451893.610523108,2335700.389476892
10,20,3745135.0,2965085.4019079832,780049.5980920168
14,20,1999097.0,4001044.0604199795,-2001947.0604199795
19,20,2021934.0,3491466.035117788,-1469532.0351177878
31,20,2058644.0,3080501.5387182655,-1021857.5387182655
32,20,3261924.0,3717346.3636708725,-455422.3636708725
33,20,2371202.0,2307159.8735713162,64042.126428683754
40,20,6836483.0,4032663.9258860247,2803819.0741139753
43,20,2732645.0,3537582.5858846395,-804937.5858846395
46,20,4250758.0,3967898.900065642,282859.09993435815
55,20,6941173.0,5037351.965112423,1903821.0348875774
59,20,3600467.0,5315887.19176271,-1715420.19176271
62,20,5286212.0,3917695.7969245487,1368516.2030754513
63,20,1619683.0,2063961.2360235802,-444278.2360235802
66,20,1882131.0,4037442.657630502,-2155311.657630502
72,20,2525375.0,3691629.6276745317,-1166254.6276745317
78,20,3871344.0,3596798.015687654,274545.9843123462
80,20,3727364.0,5889480.742904546,-2162116.7429045457
84,20,4250553.0,4478052.50676048,-227499.50676047988
86,20,3351383.0,3729497.976439586,-378114.9764395859
89,20,2364478.0,4457433.361003434,-2092955.3610034343
99,20,13575224.0,5010048.19800131,8565175.80199869
101,20,4758476.0,3368603.608076882,1389872.391923118
106,20,4888774.0,3508757.8130374853,1380016.1869625147
114,20,4155435.0,4490393.530635335,-334958.53063533455
121,20,3445076.0,4156482.110378097,-711406.1103780968
125,20,4780607.0,3651895.3989713974,1128711.6010286026
130,20,3376145.0,4307218.084907581,-931073.0849075811
132,20,5787594.0,3912405.3369359,1875188.6630640998
0,21,5653753.0,4551987.103195097,1101765.8968049027
2,21,2055379.0,2058062.5869893741,-2683.586989374133
3,21,2675511.0,3937378.6422590385,-1261867.6422590385
5,21,5017319.0,4597098.635736474,420220.36426352616
7,21,4491607.0,4025410.154771174,466196.84522882616
9,21,5444227.0,4087483.2402621135,1356743.7597378865
21,21,1149870.0,2918695.0790674984,-1768825.0790674984
25,21,3778621.0,3558767.315617004,219853.68438299606
30,21,3008199.0,3181217.218950136,-173018.2189501361
37,21,2740687.0,3878844.588294763,-1138157.5882947631
42,21,4952255.0,4404448.508468884,547806.491531116
44,21,4264176.0,4062311.2265823437,201864.7734176563
47,21,7865428.0,4760007.282052822,3105420.7179471776
50,21,2156098.0,3431606.4193334198,-1275508.4193334198
53,21,5595267.0,2795485.316079751,2799781.683920249
64,21,2551252.0,4801296.595345311,-2250044.595345311
65,21,1756069.0,2404585.0837126495,-648516.0837126495
67,21,4052733.0,4389225.997403389,-336492.99740338884
71,21,4136425.0,4848809.451803867,-712384.4518038668
87,21,5906596.0,4951225.711111065,955370.288888935
92,21,6782425.0,5393675.096877818,1388749.903122182
96,21,6412623.0,3750775.705515839,2661847.294484161
97,21,6694797.0,4633267.518798491,2061529.481201509
103,21,4429512.0,2625719.363822174,1803792.6361778262
108,21,3570392.0,2411021.163925953,1159370.8360740468
117,21,2018785.0,4170617.2408574787,-2151832.2408574787
118,21,1847826.0,4862275.961598849,-3014449.961598849
126,21,4015749.0,4503377.78207282,-487628.78207281977
1,22,6923131.0,4172774.016929223,2750356.983070777
4,22,4316715.0,3367199.853957877,949515.146042123
6,22,5166635.0,4055357.2451905226,1111277.7548094774
13,22,4807746.0,4068778.4437555918,738967.5562444082
17,22,8213524.0,3320212.506667318,4893311.493332682
26,22,2267425.0,4164137.6270371517,-1896712.6270371517
28,22,4705945.0,5025873.566415991,-319928.5664159907
34,22,4100886.0,5141119.665174366,-1040233.665174366
38,22,5461700.0,4924279.190966079,537420.809033921
39,22,3818055.0,4951096.635125543,-1133041.635125543
41,22,4554237.0,4292174.756786558,262062.24321344215
45,22,3752885.0,4079338.0089289723,-326453.0089289723
49,22,8630682.0,4287382.573718902,4343299.426281098
56,22,2390534.0,3464449.1737993876,-1073915.1737993876
69,22,3452382.0,3088672.923779406,363709.0762205939
73,22,3347767.0,4901354.394063198,-1553587.394063198
76,22,4590423.0,3607785.0113696326,982637.9886303674
79,22,6313221.0,4193248.1889011976,2119972.8110988024
91,22,2083447.0,3426168.320469533,-1342721.320469533
93,22,3410878.0,3861007.062198305,-450129.06219830504
94,22,3753720.0,3433634.2733455123,320085.72665448766
105,22,2792031.0,2868744.6621136675,-76713.66211366747
107,22,3248660.0,4183411.154414271,-934751.154414271
109,22,4219263.0,4309750.7312613325,-90487.73126133252
115,22,4882985.0,3385822.6580674304,1497162.3419325696
123,22,4263629.0,3062869.035562082,1200759.9644379178
135,22,7217634.0,4057900.786066758,3159733.213933242
8,23,4952497.0,3847067.5333545613,1105429.4666454387
15,23,3218918.0,4226327.154788609,-1007409.1547886087
16,23,19696939.0,4324955.523986119,15371983.47601388
18,23,5337526.0,3878148.9194648187,1459377.0805351813
24,23,8904084.0,4410011.795597772,4494072.204402228
27,23,5435276.0,4058398.3777796533,1376877.6222203467
29,23,3447890.0,3278351.154963408,169538.84503659187
48,23,7201784.0,3837488.0555289,3364295.9444711
51,23,3273041.0,3279854.9787973105,-6813.978797310498
52,23,1763231.0,2342229.383710414,-578998.3837104142
58,23,3004429.0,3526569.8407579316,-522140.8407579316
60,23,3164972.0,4054574.042176611,-889602.0421766108
68,23,3836721.0,3993526.9720213967,-156805.97202139674
70,23,3982767.0,4617971.847530959,-635204.8475309592
75,23,16549064.0,4576029.358982869,11973034.641017132
77,23,1904842.0,2812712.5500725848,-907870.5500725848
82,23,3807496.0,3097704.597944035,709791.4020559648
83,23,5966193.0,4603763.862381565,1362429.1376184346
85,23,7495092.0,4282446.4277031785,3212645.5722968215
90,23,3426169.0,3512802.5813677157,-86633.58136771573
110,23,2954086.0,3815263.78189952,-861177.7818995202
116,23,8894598.0,3183963.0558923795,5710634.94410762
127,23,7592272.0,3416099.914617762,4176172.085382238
129,23,3939804.0,4106755.3053699047,-166951.30536990473
131,23,3199619.0,3792418.5239931773,-592799.5239931773
133,23,9262754.0,4063859.294928045,5198894.705071955
136,23,6363241.0,4440911.135216293,1922329.864783707
11,24,5161370.0,4016891.8352498887,1144478.1647501113
12,24,1734634.0,2620891.937274183,-886257.9372741831
20,24,5525735.0,4009666.8284119666,1516068.1715880334
22,24,3956086.0,5085227.308710767,-1129141.308710767
23,24,2999068.0,4268610.740366263,-1269542.7403662633
35,24,3903884.0,4523924.976815874,-620040.9768158738
36,24,3028267.0,4784576.818081251,-1756309.8180812513
54,24,4651866.0,4112221.3285767674,539644.6714232326
57,24,3258837.0,4533676.529522371,-1274839.5295223705
61,24,4350573.0,5325542.876225436,-974969.8762254361
74,24,5500818.0,3965623.3186758175,1535194.6813241825
81,24,4066618.0,4805954.822804861,-739336.8228048608
88,24,2025297.0,2278080.956192338,-252783.9561923379
95,24,1270499.0,3386137.961573835,-2115638.961573835
98,24,2344689.0,3937878.064125102,-1593189.064125102
100,24,9652350.0,5033006.340867531,4619343.659132469
102,24,2738052.0,4504153.51012623,-1766101.5101262303
104,24,4467728.0,4254691.7601845665,213036.2398154335
111,24,2993069.0,3241138.0252690027,-248069.02526900265
112,24,3784230.0,4983839.781828369,-1199609.781828369
113,24,2097022.0,4164341.965949729,-2067319.965949729
119,24,3780019.0,2528505.8946930254,1251513.1053069746
120,24,4067566.0,3910953.5554153896,156612.4445846104
122,24,4286645.0,3883974.1360389963,402670.8639610037
124,24,3810007.0,4099688.1663748277,-289681.16637482774
128,24,2383840.0,4404297.424107491,-2020457.424107491
134,24,2544857.0,4314042.277960817,-1769185.2779608173
1,25,6923131.0,4233051.37023281,2690079.6297671897
6,25,5166635.0,4241693.254640185,924941.7453598147
14,25,1999097.0,3736162.527881696,-1737065.527881696
19,25,2021934.0,3913500.97834843,-1891566.9783484298
21,25,1149870.0,2856992.5400806563,-1707122.5400806563
37,25,2740687.0,3616140.7073408044,-875453.7073408044
41,25,4554237.0,5074601.1815678505,-520364.1815678505
42,25,4952255.0,4572025.597766975,380229.40223302506
43,25,2732645.0,3572833.4267939585,-840188.4267939585
56,25,2390534.0,3618483.643920416,-1227949.643920416
61,25,4350573.0,5651025.509325632,-1300452.509325632
69,25,3452382.0,4395402.231079721,-943020.2310797209
70,25,3982767.0,5326460.543630132,-1343693.5436301325
74,25,5500818.0,3827302.258178941,1673515.741821059
79,25,6313221.0,4152713.507237018,2160507.492762982
82,25,3807496.0,3113052.633208254,694443.3667917461
86,25,3351383.0,3686992.465805433,-335609.4658054332
90,25,3426169.0,3471272.8673928385,-45103.86739283847
92,25,6782425.0,5315046.186251628,1467378.8137483718
94,25,3753720.0,3017187.710392117,736532.289607883
97,25,6694797.0,4972255.669995392,1722541.3300046083
107,25,3248660.0,3653656.3572289534,-404996.3572289534
112,25,3784230.0,5155070.820373216,-1370840.8203732157
113,25,2097022.0,4075267.4860711517,-1978245.4860711517
122,25,4286645.0,3726595.0367190875,560049.9632809125
128,25,2383840.0,4869113.828784059,-2485273.828784059
131,25,3199619.0,4621004.373219427,-1421385.3732194267
132,25,5787594.0,3913655.7538840906,1873938.2461159094
3,26,2675511.0,3937737.897337357,-1262226.897337357
8,26,4952497.0,3599571.680410226,1352925.3195897741
30,26,3008199.0,3057937.5141191324,-49738.51411913242
31,26,2058644.0,3432092.45135573,-1373448.4513557302
33,26,2371202.0,2353818.9452076703,17383.05479232967
38,26,5461700.0,5703588.548287751,-241888.54828775115
39,26,3818055.0,5265091.136770217,-1447036.1367702167
44,26,4264176.0,3410762.1717300075,853413.8282699925
47,26,7865428.0,3544414.2807207997,4321013.7192792
50,26,2156098.0,3721353.632303855,-1565255.632303855
51,26,3273041.0,3601250.24813738,-328209.24813738
66,26,1882131.0,3692040.22012913,-1809909.22012913
67,26,4052733.0,5083518.195554894,-1030785.1955548944
77,26,1904842.0,2406098.56637381,-501256.5663738102
78,26,3871344.0,3566681.2163350773,304662.7836649227
85,26,7495092.0,6462812.149561651,1032279.850438349
96,26,6412623.0,4846693.676456675,1565929.323543325
102,26,2738052.0,4439574.708672276,-1701522.7086722758
108,26,3570392.0,2423604.5555084343,1146787.4444915657
111,26,2993069.0,2266544.854420854,726524.1455791462
114,26,4155435.0,4293661.71809833,-138226.7180983303
115,26,4882985.0,3547913.2927931594,1335071.7072068406
120,26,4067566.0,3847174.88982405,220391.11017595
123,26,4263629.0,3362342.614945596,901286.3850544039
126,26,4015749.0,4473468.16826597,-457719.1682659704
127,26,7592272.0,3310003.949198793,4282268.050801206
129,26,3939804.0,4530966.885203398,-591162.8852033978
135,26,7217634.0,4964641.31791338,2252992.6820866195
10,27,3745135.0,3135254.6408588304,609880.3591411696
17,27,8213524.0,3570969.0140008708,4642554.98599913
18,27,5337526.0,3992086.5755291306,1345439.4244708694
20,27,5525735.0,3903665.6830816474,1622069.3169183526
22,27,3956086.0,4739812.127578202,-783726.1275782017
25,27,3778621.0,3886195.1245996295,-107574.12459962955
36,27,3028267.0,4469174.130247316,-1440907.1302473163
52,27,1763231.0,2091577.0998238162,-328346.0998238162
54,27,4651866.0,3682607.411483459,969258.5885165408
58,27,3004429.0,3984894.894305529,-980465.8943055291
60,27,3164972.0,3860691.9314742265,-695719.9314742265
64,27,2551252.0,4740586.132236496,-2189334.1322364956
80,27,3727364.0,5138110.907297066,-1410746.9072970664
84,27,4250553.0,4174662.946823113,75890.05317688687
87,27,5906596.0,5411803.21121199,494792.78878801037
88,27,2025297.0,2061174.226964317,-35877.22696431703
93,27,3410878.0,3193720.770634241,217157.22936575906
98,27,2344689.0,3566985.8155752243,-1222296.8155752243
103,27,4429512.0,2976730.9436475025,1452781.0563524975
104,27,4467728.0,4266852.309999814,200875.69000018574
105,27,2792031.0,2996562.3047241997,-204531.3047241997
106,27,4888774.0,3848671.3960331245,1040102.6039668755
109,27,4219263.0,4186267.0170691926,32995.9829308074
125,27,4780607.0,4044726.7709695366,735880.2290304634
130,27,3376145.0,3940885.97645118,-564740.97645118
134,27,2544857.0,3654840.563137299,-1109983.563137299
136,27,6363241.0,5282453.445244488,1080787.5547555117
4,28,4316715.0,3437399.5542486305,879315.4457513695
5,28,5017319.0,4672488.483966288,344830.51603371184
9,28,5444227.0,4154258.4255465246,1289968.5744534754
12,28,1734634.0,2849645.065150298,-1115011.0651502982
16,28,19696939.0,4738863.4111418165,14958075.588858183
24,28,8904084.0,4158281.1453213845,4745802.854678616
26,28,2267425.0,3799013.372023216,-1531588.372023216
28,28,4705945.0,4342521.948219184,363423.05178081617
29,28,3447890.0,3458397.1719846497,-10507.171984649729
32,28,3261924.0,3574555.8736192323,-312631.8736192323
34,28,4100886.0,4300992.840522093,-200106.84052209277
40,28,6836483.0,3868514.381168182,2967968.618831818
45,28,3752885.0,4204075.511797302,-451190.5117973024
46,28,4250758.0,4029557.611403421,221200.38859657897
55,28,6941173.0,4063885.608460145,2877287.391539855
62,28,5286212.0,3777645.7833839618,1508566.2166160382
63,28,1619683.0,2510460.4708421007,-890777.4708421007
65,28,1756069.0,2733157.5209097005,-977088.5209097005
68,28,3836721.0,3886953.3649332216,-50232.3649332216
72,28,2525375.0,4022824.1234755088,-1497449.1234755088
76,28,4590423.0,3888322.5829308806,702100.4170691194
81,28,4066618.0,4139797.419466878,-73179.41946687782
83,28,5966193.0,4140325.0683132857,1825867.9316867143
99,28,13575224.0,3954655.041391623,9620568.958608378
100,28,9652350.0,4402518.7381472355,5249831.2618527645
110,28,2954086.0,3699160.7801888036,-745074.7801888036
124,28,3810007.0,3710649.9661758286,99357.0338241714
0,29,5653753.0,4487319.459986761,1166433.5400132388
2,29,2055379.0,2137583.365661709,-82204.3656617091
7,29,4491607.0,4425293.769962917,66313.23003708292
11,29,5161370.0,4449414.723136305,711955.2768636951
13,29,4807746.0,5052220.79590231,-244474.79590230994
15,29,3218918.0,4360380.976065535,-1141462.976065535
23,29,2999068.0,3319974.105812528,-320906.10581252817
27,29,5435276.0,3932139.001721191,1503136.9982788088
35,29,3903884.0,4259940.266350836,-356056.26635083556
48,29,7201784.0,4194535.660388401,3007248.339611599
49,29,8630682.0,4583091.183042581,4047590.816957419
53,29,5595267.0,2097909.273090867,3497357.726909133
57,29,3258837.0,3605772.2907281322,-346935.29072813224
59,29,3600467.0,5211493.913603132,-1611026.9136031317
71,29,4136425.0,5149879.277868841,-1013454.2778688408
73,29,3347767.0,3772842.849242889,-425075.84924288886
75,29,16549064.0,5302284.752567485,11246779.247432515
89,29,2364478.0,5054610.291383818,-2690132.291383818
91,29,2083447.0,3872252.112005609,-1788805.112005609
95,29,1270499.0,3048649.436387701,-1778150.436387701
101,29,4758476.0,3386545.377739767,1371930.622260233
116,29,8894598.0,3081977.1354204346,5812620.864579566
117,29,2018785.0,3872085.1447392018,-1853300.1447392018
118,29,1847826.0,5171722.442017956,-3323896.4420179557
119,29,3780019.0,2353693.515545211,1426325.4844547892
121,29,3445076.0,3603488.8332924177,-158412.8332924177
133,29,9262754.0,4345621.41433065,4917132.58566935
8,30,4952497.0,3496370.3832998136,1456126.6167001864
10,30,3745135.0,2295412.29482947,1449722.70517053
29,30,3447890.0,3656225.1289782897,-208335.12897828966
30,30,3008199.0,3425826.652424409,-417627.65242440905
38,30,5461700.0,4898986.861288308,562713.1387116918
40,30,6836483.0,4456291.237225856,2380191.7627741443
43,30,2732645.0,3521802.5031712814,-789157.5031712814
53,30,5595267.0,2148218.24927424,3447048.75072576
63,30,1619683.0,2011548.575953763,-391865.575953763
67,30,4052733.0,5127611.493232908,-1074878.4932329077
71,30,4136425.0,4715335.366234389,-578910.3662343891
84,30,4250553.0,4406800.404174239,-156247.40417423937
87,30,5906596.0,4613758.988191876,1292837.0118081244
90,30,3426169.0,2334714.0039039687,1091454.9960960313
98,30,2344689.0,3549053.402571523,-1204364.402571523
99,30,13575224.0,4867289.231278588,8707934.768721413
100,30,9652350.0,4738974.257155743,4913375.742844257
102,30,2738052.0,4607117.631800513,-1869065.6318005128
107,30,3248660.0,4324111.791554036,-1075451.7915540356
108,30,3570392.0,2600064.117708478,970327.8822915219
115,30,4882985.0,3849235.331426189,1033749.6685738112
118,30,1847826.0,4955292.752057814,-3107466.752057814
120,30,4067566.0,3722352.446573794,345213.5534262061
124,30,3810007.0,3338874.640123934,471132.359876066
126,30,4015749.0,3988945.3953854553,26803.60461454466
129,30,3939804.0,4541159.002321742,-601355.0023217415
133,30,9262754.0,4811489.71522999,4451264.28477001
135,30,7217634.0,4838809.601134475,2378824.3988655247
1,31,6923131.0,4386220.322403426,2536910.6775965737
2,31,2055379.0,1947439.8676434087,107939.13235659129
6,31,5166635.0,4073161.732117778,1093473.2678822218
9,31,5444227.0,4489271.807036646,954955.1929633543
12,31,1734634.0,2062073.9116968429,-327439.9116968429
14,31,1999097.0,3822556.781035456,-1823459.7810354559
17,31,8213524.0,4267382.058764186,3946141.9412358142
19,31,2021934.0,4380424.801981308,-2358490.8019813076
23,31,2999068.0,3737258.003155134,-738190.0031551342
32,31,3261924.0,3281379.5795725314,-19455.579572531395
34,31,4100886.0,5016940.501950236,-916054.501950236
36,31,3028267.0,3950610.657944463,-922343.6579444632
37,31,2740687.0,3596994.7021733415,-856307.7021733415
39,31,3818055.0,5099145.045859586,-1281090.0458595864
56,31,2390534.0,3976896.2203437113,-1586362.2203437113
57,31,3258837.0,4596450.521237064,-1337613.5212370642
58,31,3004429.0,4485065.914857757,-1480636.9148577573
59,31,3600467.0,4923351.357841041,-1322884.357841041
61,31,4350573.0,6071785.845659428,-1721212.8456594283
64,31,2551252.0,4541299.507865402,-1990047.507865402
78,31,3871344.0,3765487.3553399513,105856.64466004865
82,31,3807496.0,3393509.307601642,413986.69239835814
96,31,6412623.0,4344913.2496508155,2067709.7503491845
105,31,2792031.0,3067053.349007615,-275022.3490076149
121,31,3445076.0,4390684.919655254,-945608.9196552541
125,31,4780607.0,3565467.7262448785,1215139.2737551215
128,31,2383840.0,4494104.693995401,-2110264.6939954013
130,31,3376145.0,4182712.599700624,-806567.5997006241
13,32,4807746.0,5056366.605062026,-248620.6050620256
25,32,3778621.0,3820048.846268423,-41427.8462684229
27,32,5435276.0,4077070.8218155913,1358205.1781844087
35,32,3903884.0,4188001.852249551,-284117.8522495511
44,32,4264176.0,3404644.482957258,859531.5170427421
45,32,3752885.0,3708457.5536012617,44427.446398738306
46,32,4250758.0,3627534.5065357094,623223.4934642906
47,32,7865428.0,3966687.0509164454,3898740.9490835546
48,32,7201784.0,3698708.9176537152,3503075.0823462848
51,32,3273041.0,3467581.3307972937,-194540.3307972937
62,32,5286212.0,3691288.787417281,1594923.212582719
70,32,3982767.0,4859169.941980116,-876402.9419801161
72,32,2525375.0,3767783.05013162,-1242408.05013162
75,32,16549064.0,5122308.301310877,11426755.698689122
77,32,1904842.0,2398199.2094665156,-493357.2094665156
85,32,7495092.0,6735193.2748253485,759898.7251746515
86,32,3351383.0,3204792.007740343,146590.992259657
88,32,2025297.0,1950031.6021435393,75265.39785646065
89,32,2364478.0,4960330.366148265,-2595852.366148265
101,32,4758476.0,3334707.876302468,1423768.1236975319
112,32,3784230.0,5502570.108133149,-1718340.1081331493
116,32,8894598.0,3296002.358971773,5598595.641028227
117,32,2018785.0,3565313.150647445,-1546528.150647445
122,32,4286645.0,4101933.853284967,184711.14671503287
123,32,4263629.0,3247375.2395178634,1016253.7604821366
127,32,7592272.0,3327030.0190650877,4265241.980934912
134,32,2544857.0,3195306.956707968,-650449.9567079679
0,33,5653753.0,4007600.273820466,1646152.726179534
3,33,2675511.0,3867068.7089988785,-1191557.7089988785
4,33,4316715.0,3431503.6204695893,885211.3795304107
11,33,5161370.0,3973987.5500250245,1187382.4499749755
18,33,5337526.0,3927912.3784700003,1409613.6215299997
20,33,5525735.0,3905502.0193187483,1620232.9806812517
21,33,1149870.0,3259188.603432396,-2109318.603432396
24,33,8904084.0,4465369.128264591,4438714.871735409
26,33,2267425.0,3467132.651111665,-1199707.6511116652
31,33,2058644.0,3990381.352697612,-1931737.3526976118
41,33,4554237.0,4180780.236801707,373456.7631982928
49,33,8630682.0,4179337.558074634,4451344.4419253655
55,33,6941173.0,3928445.859920273,3012727.140079727
60,33,3164972.0,3779876.0354682794,-614904.0354682794
66,33,1882131.0,3916394.1870190157,-2034263.1870190157
69,33,3452382.0,3445678.0173119623,6703.982688037679
81,33,4066618.0,4405276.5104214875,-338658.5104214875
91,33,2083447.0,3766520.666266934,-1683073.666266934
92,33,6782425.0,4137013.0923668,2645411.9076332
93,33,3410878.0,3723016.6305224295,-312138.6305224295
95,33,1270499.0,3037146.155547293,-1766647.155547293
97,33,6694797.0,4690612.093696729,2004184.9063032707
103,33,4429512.0,3450402.7889876664,979109.2110123336
104,33,4467728.0,4404887.462390525,62840.53760947473
109,33,4219263.0,4284288.960419075,-65025.96041907463
113,33,2097022.0,3733296.634334934,-1636274.634334934
136,33,6363241.0,4690858.9010791285,1672382.0989208715
5,34,5017319.0,4629040.263008044,388278.7369919559
7,34,4491607.0,4166723.8511573407,324883.1488426593
15,34,3218918.0,4120306.4727905514,-901388.4727905514
16,34,19696939.0,5945930.751407706,13751008.248592295
22,34,3956086.0,4639324.203559465,-683238.2035594648
28,34,4705945.0,4619782.321260928,86162.67873907182
33,34,2371202.0,2501345.547739875,-130143.54773987504
42,34,4952255.0,4702819.628587914,249435.3714120863
50,34,2156098.0,3693416.894200754,-1537318.894200754
52,34,1763231.0,2339411.496321427,-576180.4963214272
54,34,4651866.0,3192134.370215141,1459731.6297848588
65,34,1756069.0,2440686.4806176494,-684617.4806176494
68,34,3836721.0,4058347.0245668674,-221626.0245668674
73,34,3347767.0,5157772.215261464,-1810005.215261464
74,34,5500818.0,4266017.498918143,1234800.501081857
76,34,4590423.0,4077951.2363832165,512471.76361678354
79,34,6313221.0,4047683.181161464,2265537.818838536
80,34,3727364.0,5306946.726065076,-1579582.726065076
83,34,5966193.0,4750374.801398752,1215818.1986012477
94,34,3753720.0,3597641.9328588,156078.06714119995
106,34,4888774.0,3511579.7411649907,1377194.2588350093
110,34,2954086.0,3825678.5057382523,-871592.5057382523
111,34,2993069.0,2610186.823897813,382882.176102187
114,34,4155435.0,4591781.003591957,-436346.00359195657
119,34,3780019.0,2454333.49109697,1325685.5089030298
131,34,3199619.0,4560057.67252684,-1360438.6725268401
132,34,5787594.0,3461207.8958483906,2326386.1041516094
6,35,5166635.0,4251628.977758701,915006.022241299
15,35,3218918.0,3898742.0281522125,-679824.0281522125
17,35,8213524.0,3318764.756741064,4894759.243258936
24,35,8904084.0,4425719.5484790495,4478364.4515209505
27,35,5435276.0,4845375.328486753,589900.6715132473
38,35,5461700.0,5007101.7773014065,454598.2226985935
40,35,6836483.0,3517185.8875646754,3319297.1124353246
41,35,4554237.0,4270595.889636107,283641.1103638932
45,35,3752885.0,4652886.585707759,-900001.5857077586
51,35,3273041.0,3472288.099513694,-199247.09951369418
55,35,6941173.0,3488637.2139061466,3452535.7860938534
59,35,3600467.0,4876467.905232514,-1276000.9052325143
64,35,2551252.0,4608402.5476868795,-2057150.5476868795
66,35,1882131.0,3797445.2995063188,-1915314.2995063188
70,35,3982767.0,4762450.572923511,-779683.5729235113
75,35,16549064.0,4222433.804087821,12326630.195912179
77,35,1904842.0,2454520.604524275,-549678.6045242748
81,35,4066618.0,3809680.8430000613,256937.15699993866
90,35,3426169.0,3531186.903216079,-105017.90321607888
95,35,1270499.0,2874739.126018466,-1604240.126018466
98,35,2344689.0,3500039.029245093,-1155350.029245093
102,35,2738052.0,4257536.834176951,-1519484.834176951
104,35,4467728.0,4278247.396284384,189480.60371561628
108,35,3570392.0,3073921.2819530596,496470.7180469404
110,35,2954086.0,3630261.129644213,-676175.1296442128
116,35,8894598.0,3526832.3827262055,5367765.6172737945
124,35,3810007.0,3881691.658784151,-71684.65878415108
136,35,6363241.0,4811771.251461169,1551469.7485388312
21,36,1149870.0,3042752.229446457,-1892882.2294464568
26,36,2267425.0,3992387.1070469758,-1724962.1070469758
28,36,4705945.0,5066216.773142815,-360271.77314281464
29,36,3447890.0,3732656.3525955603,-284766.35259556025
31,36,2058644.0,3604929.9098783783,-1546285.9098783783
33,36,2371202.0,2286966.677075498,84235.3229245022
34,36,4100886.0,4645276.406891303,-544390.4068913031
42,36,4952255.0,4598869.054606424,353385.9453935763
47,36,7865428.0,4130851.4426955706,3734576.5573044294
48,36,7201784.0,4150464.8615684616,3051319.1384315384
52,36,1763231.0,2324271.7712315004,-561040.7712315004
53,36,5595267.0,2619011.280462407,2976255.719537593
57,36,3258837.0,3889233.092682664,-630396.0926826638
58,36,3004429.0,3919610.9936098233,-915181.9936098233
62,36,5286212.0,3914502.071583583,1371709.928416417
68,36,3836721.0,4436331.558253748,-599610.5582537483
71,36,4136425.0,3706225.4843069017,430199.5156930983
73,36,3347767.0,4464430.158839024,-1116663.1588390237
80,36,3727364.0,5245581.162529259,-1518217.162529259
82,36,3807496.0,3132511.525952642,674984.4740473581
84,36,4250553.0,4091716.3762648744,158836.62373512564
85,36,7495092.0,6260415.496910175,1234676.5030898247
88,36,2025297.0,2188881.8293157187,-163584.82931571873
97,36,6694797.0,4891280.618822174,1803516.3811778259
115,36,4882985.0,3235881.8436635765,1647103.1563364235
117,36,2018785.0,3903507.3971004807,-1884722.3971004807
119,36,3780019.0,2892693.207116067,887325.792883933
134,36,2544857.0,3771726.6267896155,-1226869.6267896155
1,37,6923131.0,3563782.20927042,3359348.79072958
9,37,5444227.0,4052665.1823085495,1391561.8176914505
10,37,3745135.0,3219040.929541547,526094.0704584531
12,37,1734634.0,2697506.1380303022,-962872.1380303022
13,37,4807746.0,4198438.497384359,609307.5026156409
14,37,1999097.0,3515365.879444824,-1516268.879444824
16,37,19696939.0,5685722.950763107,14011216.049236894
22,37,3956086.0,3864669.7241977574,91416.27580224257
36,37,3028267.0,4351449.157234484,-1323182.1572344843
37,37,2740687.0,4178513.0081134797,-1437826.0081134797
49,37,8630682.0,4173024.5588738224,4457657.441126177
60,37,3164972.0,3701092.411181332,-536120.4111813321
63,37,1619683.0,2319337.6856115917,-699654.6856115917
72,37,2525375.0,4187251.9876766806,-1661876.9876766806
76,37,4590423.0,3789141.4300435437,801281.5699564563
79,37,6313221.0,4389032.410924628,1924188.5890753716
86,37,3351383.0,3545169.277021461,-193786.27702146117
87,37,5906596.0,4353792.967703627,1552803.0322963726
89,37,2364478.0,4077970.3873572485,-1713492.3873572485
92,37,6782425.0,4037337.516783756,2745087.483216244
99,37,13575224.0,5224964.609168892,8350259.390831108
105,37,2792031.0,2938283.2268223222,-146252.22682232223
106,37,4888774.0,3822791.535112669,1065982.4648873308
121,37,3445076.0,3945189.171004735,-500113.17100473493
122,37,4286645.0,3797439.6793843936,489205.3206156064
123,37,4263629.0,3276941.562596101,986687.4374038992
135,37,7217634.0,4233046.638574616,2984587.361425384
0,38,5653753.0,4302166.359093399,1351586.6409066012
4,38,4316715.0,3488478.6487051225,828236.3512948775
7,38,4491607.0,4729996.226188766,-238389.22618876584
11,38,5161370.0,3453822.6371162664,1707547.3628837336
18,38,5337526.0,3745081.7226981963,1592444.2773018037
19,38,2021934.0,3500673.7225742666,-1478739.7225742666
25,38,3778621.0,4060349.572686969,-281728.57268696884
43,38,2732645.0,3877474.1963852383,-1144829.1963852383
44,38,4264176.0,3643590.9256741866,620585.0743258134
46,38,4250758.0,3841350.7221118947,409407.27788810525
50,38,2156098.0,3421998.189113261,-1265900.1891132612
56,38,2390534.0,2957036.6919011218,-566502.6919011218
67,38,4052733.0,5450096.609758658,-1397363.6097586583
78,38,3871344.0,3407335.501501629,464008.4984983709
96,38,6412623.0,4079782.9505532677,2332840.0494467323
101,38,4758476.0,3749636.5684288763,1008839.4315711237
103,38,4429512.0,3382066.6102048364,1047445.3897951636
107,38,3248660.0,4175879.519569139,-927219.519569139
109,38,4219263.0,4303811.78733965,-84548.7873396501
112,38,3784230.0,4596740.424724152,-812510.4247241523
113,38,2097022.0,3359839.8398061814,-1262817.8398061814
127,38,7592272.0,3708456.193831088,3883815.806168912
128,38,2383840.0,4539246.213140292,-2155406.213140292
129,38,3939804.0,4450265.980971995,-510461.9809719948
131,38,3199619.0,4628715.97994347,-1429096.97994347
132,38,5787594.0,3514513.6897185543,2273080.3102814457
133,38,9262754.0,4470840.077789096,4791913.922210904
2,39,2055379.0,2023572.6664322766,31806.3335677234
3,39,2675511.0,3841429.170852827,-1165918.170852827
5,39,5017319.0,4465898.945565225,551420.0544347754
8,39,4952497.0,3469584.8739600866,1482912.1260399134
20,39,5525735.0,3851258.728327601,1674476.2716723988
23,39,2999068.0,3754175.61594804,-755107.61594804
30,39,3008199.0,3424459.5826891377,-416260.58268913766
32,39,3261924.0,3844191.879390844,-582267.8793908441
35,39,3903884.0,4364230.306136387,-460346.3061363874
39,39,3818055.0,5272940.186176512,-1454885.1861765124
54,39,4651866.0,3745354.570499848,906511.4295001519
61,39,4350573.0,5529222.3712715665,-1178649.3712715665
65,39,1756069.0,1998292.1674454748,-242223.16744547477
69,39,3452382.0,3312602.082653612,139779.9173463881
74,39,5500818.0,4373912.334379483,1126905.665620517
83,39,5966193.0,4651083.730029348,1315109.2699706517
91,39,2083447.0,3641515.4404037204,-1558068.4404037204
93,39,3410878.0,2746730.345095557,664147.6549044428
94,39,3753720.0,3481465.305941419,272254.6940585808
100,39,9652350.0,4882374.072495859,4769975.927504141
111,39,2993069.0,2591295.3128696308,401773.68713036925
114,39,4155435.0,4542111.986236976,-386676.98623697646
118,39,1847826.0,4766959.140108124,-2919133.1401081244
120,39,4067566.0,3545132.988454678,522433.0115453219
125,39,4780607.0,3787481.7929529976,993125.2070470024
126,39,4015749.0,3892288.07739789,123460.92260211008
130,39,3376145.0,3832233.200624566,-456088.20062456606
2,40,2055379.0,2522491.741653243,-467112.7416532431
3,40,2675511.0,4046372.3537939694,-1370861.3537939694
13,40,4807746.0,4690126.502751056,117619.4972489439
15,40,3218918.0,4014253.1758807297,-795335.1758807297
18,40,5337526.0,4093551.4686951726,1243974.5313048274
21,40,1149870.0,3941060.9196214178,-2791190.9196214178
23,40,2999068.0,3514661.5205351524,-515593.5205351524
27,40,5435276.0,4204415.719741659,1230860.2802583408
29,40,3447890.0,3557718.787450454,-109828.7874504542
31,40,2058644.0,3876899.7031901283,-1818255.7031901283
38,40,5461700.0,5336307.234402353,125392.76559764706
43,40,2732645.0,3617415.239857441,-884770.2398574408
48,40,7201784.0,3919509.8015272613,3282274.1984727387
49,40,8630682.0,4262942.473946112,4367739.526053888
52,40,1763231.0,2353876.5868905773,-590645.5868905773
56,40,2390534.0,3993861.5068979235,-1603327.5068979235
57,40,3258837.0,3695264.223916998,-436427.22391699813
60,40,3164972.0,3960643.2665436966,-795671.2665436966
70,40,3982767.0,4760267.598797407,-777500.598797407
74,40,5500818.0,4077514.0116040204,1423303.9883959796
78,40,3871344.0,3822189.0704466905,49154.929553309456
84,40,4250553.0,4138135.258769574,112417.74123042589
86,40,3351383.0,3420597.433803334,-69214.4338033339
88,40,2025297.0,2323070.6447957186,-297773.6447957186
104,40,4467728.0,4221667.837710185,246060.16228981502
107,40,3248660.0,4283784.415777828,-1035124.4157778276
127,40,7592272.0,3384122.3680898547,4208149.631910145
136,40,6363241.0,5021564.590390976,1341676.4096090244
6,41,5166635.0,4266665.216538047,899969.7834619526
16,41,19696939.0,5812523.317822448,13884415.682177551
17,41,8213524.0,4225578.243173815,3987945.7568261847
24,41,8904084.0,4443849.52493306,4460234.47506694
33,41,2371202.0,2019268.9258118228,351933.07418817724
34,41,4100886.0,4895445.65663192,-794559.6566319196
47,41,7865428.0,3603996.987938749,4261431.012061251
53,41,5595267.0,2225373.36836338,3369893.63163662
58,41,3004429.0,4385716.9272468565,-1381287.9272468565
62,41,5286212.0,3356880.300029199,1929331.699970801
63,41,1619683.0,1994425.0540658769,-374742.0540658769
64,41,2551252.0,4740549.822060532,-2189297.822060532
69,41,3452382.0,3540921.8470195294,-88539.84701952944
76,41,4590423.0,4356213.544860629,234209.45513937064
79,41,6313221.0,4049113.4616431217,2264107.5383568783
81,41,4066618.0,4888905.635199524,-822287.6351995245
89,41,2364478.0,4305291.334538837,-1940813.334538837
90,41,3426169.0,2581689.8836019016,844479.1163980984
97,41,6694797.0,4471672.485367728,2223124.5146322716
98,41,2344689.0,3384988.8576581404,-1040299.8576581404
106,41,4888774.0,3549286.890387833,1339487.1096121669
111,41,2993069.0,2867029.3463113806,126039.65368861938
119,41,3780019.0,2158335.966739931,1621683.0332600689
120,41,4067566.0,3695363.3685628944,372202.6314371056
121,41,3445076.0,3696519.7617055085,-251443.76170550846
123,41,4263629.0,3351050.3050702307,912578.6949297693
131,41,3199619.0,4183056.548331468,-983437.5483314679
135,41,7217634.0,4761006.179810929,2456627.820189071
0,42,5653753.0,4199660.486296335,1454092.5137036648
8,42,4952497.0,3521608.2857841835,1430888.7142158165
11,42,5161370.0,3699396.9429120217,1461973.0570879783
20,42,5525735.0,3844828.068253037,1680906.931746963
22,42,3956086.0,5241872.141126505,-1285786.141126505
36,42,3028267.0,5146600.663527548,-2118333.6635275483
39,42,3818055.0,4533233.64662629,-715178.6466262899
40,42,6836483.0,3777220.9145943453,3059262.0854056547
45,42,3752885.0,4100313.111616783,-347428.11161678284
50,42,2156098.0,3740940.3422550084,-1584842.3422550084
59,42,3600467.0,5299495.20997759,-1699028.2099775895
61,42,4350573.0,5888618.6582164485,-1538045.6582164485
72,42,2525375.0,4434286.6441004,-1908911.6441003997
77,42,1904842.0,2726483.7097864863,-821641.7097864863
80,42,3727364.0,5619107.782574359,-1891743.7825743593
82,42,3807496.0,3422549.4282739437,384946.5717260563
83,42,5966193.0,4881256.336556463,1084936.6634435374
91,42,2083447.0,4330897.5970742665,-2247450.5970742665
92,42,6782425.0,5342427.895439871,1439997.1045601293
93,42,3410878.0,3234330.0888691745,176547.91113082552
101,42,4758476.0,3570869.511318584,1187606.488681416
102,42,2738052.0,4833224.848784795,-2095172.848784795
103,42,4429512.0,3303927.951044894,1125584.0489551062
109,42,4219263.0,4708890.339108904,-489627.3391089039
113,42,2097022.0,3832177.9038583576,-1735155.9038583576
114,42,4155435.0,4583339.557674995,-427904.5576749947
126,42,4015749.0,3965937.315577499,49811.6844225009
1,43,6923131.0,3699683.0401917584,3223447.9598082416
5,43,5017319.0,3832070.7257289817,1185248.2742710183
7,43,4491607.0,4613878.233197553,-122271.23319755308
10,43,3745135.0,2809120.083187362,936014.9168126378
19,43,2021934.0,3340531.0569828856,-1318597.0569828856
25,43,3778621.0,4498372.216642216,-719751.2166422158
28,43,4705945.0,5075898.118006434,-369953.1180064343
35,43,3903884.0,4226608.099180829,-322724.0991808288
42,43,4952255.0,5005163.310879836,-52908.31087983586
44,43,4264176.0,3269450.1744131553,994725.8255868447
51,43,3273041.0,3832861.8388308617,-559820.8388308617
55,43,6941173.0,4543597.917646947,2397575.0823530527
68,43,3836721.0,4319699.521705938,-482978.5217059376
71,43,4136425.0,4857767.651883483,-721342.6518834829
75,43,16549064.0,5118268.083612017,11430795.916387983
87,43,5906596.0,4667190.51034238,1239405.48965762
94,43,3753720.0,3349643.8420150834,404076.1579849166
95,43,1270499.0,3090176.2803756166,-1819677.2803756166
105,43,2792031.0,2934397.0841872543,-142366.0841872543
112,43,3784230.0,4909098.913163846,-1124868.9131638464
115,43,4882985.0,3867791.593063279,1015193.406936721
116,43,8894598.0,3426274.4431215967,5468323.556878403
117,43,2018785.0,4160785.62066813,-2142000.62066813
118,43,1847826.0,5121431.107663394,-3273605.107663394
122,43,4286645.0,4653480.528351744,-366835.5283517437
125,43,4780607.0,3880286.1972598312,900320.8027401688
132,43,5787594.0,3741862.2738978714,2045731.7261021286
4,44,4316715.0,3301854.6087712003,1014860.3912287997
9,44,5444227.0,4266848.110520568,1177378.8894794323
12,44,1734634.0,2294966.7003349625,-560332.7003349625
14,44,1999097.0,3916590.0474372804,-1917493.0474372804
26,44,2267425.0,4027052.6704573887,-1759627.6704573887
30,44,3008199.0,3381267.8864078554,-373068.88640785543
32,44,3261924.0,3528669.767040067,-266745.7670400669
37,44,2740687.0,3873844.0310666147,-1133157.0310666147
41,44,4554237.0,4638232.206482518,-83995.20648251846
46,44,4250758.0,4479486.135748435,-228728.1357484348
54,44,4651866.0,3151707.665765386,1500158.334234614
65,44,1756069.0,2005510.1420932154,-249441.14209321537
66,44,1882131.0,3901668.403026058,-2019537.4030260579
67,44,4052733.0,5145860.8118100865,-1093127.8118100865
73,44,3347767.0,4528760.672883815,-1180993.6728838151
85,44,7495092.0,5601496.975888659,1893595.0241113408
96,44,6412623.0,4202782.41169454,2209840.5883054603
99,44,13575224.0,4317620.244312932,9257603.75568707
100,44,9652350.0,4848955.0967314625,4803394.9032685375
108,44,3570392.0,2686724.069310789,883667.930689211
110,44,2954086.0,3891498.5625094376,-937412.5625094376
124,44,3810007.0,3883341.469709434,-73334.46970943408
128,44,2383840.0,4483621.375056266,-2099781.375056266
129,44,3939804.0,4571881.771822972,-632077.7718229722
130,44,3376145.0,4097385.370376277,-721240.3703762768
133,44,9262754.0,4303013.7543375,4959740.2456625
134,44,2544857.0,3539438.3968929616,-994581.3968929616
5,45,5017319.0,4513518.377729098,503800.6222709017
14,45,1999097.0,3793117.9381482336,-1794020.9381482336
20,45,5525735.0,4096399.331855546,1429335.6681444538
24,45,8904084.0,4576796.660136769,4327287.339863231
25,45,3778621.0,4140400.242954681,-361779.24295468116
26,45,2267425.0,3590621.933242018,-1323196.9332420179
27,45,5435276.0,4821733.443625501,613542.5563744986
30,45,3008199.0,3370883.387450931,-362684.3874509311
38,45,5461700.0,4629847.240417698,831852.7595823016
40,45,6836483.0,3858284.2215970308,2978198.7784029692
43,45,2732645.0,3475836.859018939,-743191.8590189391
52,45,1763231.0,2518836.5706910454,-755605.5706910454
55,45,6941173.0,3806928.844456289,3134244.155543711
63,45,1619683.0,2455127.906912727,-835444.9069127268
68,45,3836721.0,4290237.89447053,-453516.89447052963
69,45,3452382.0,3384097.3580187475,68284.64198125247
72,45,2525375.0,4018287.6081295437,-1492912.6081295437
80,45,3727364.0,4974952.296431009,-1247588.2964310087
84,45,4250553.0,4281441.759354768,-30888.75935476832
88,45,2025297.0,2426018.550961172,-400721.5509611722
90,45,3426169.0,3618604.826698247,-192435.82669824688
97,45,6694797.0,4573699.969644412,2121097.0303555876
115,45,4882985.0,3365901.7475358616,1517083.2524641384
118,45,1847826.0,4754922.288053523,-2907096.288053523
123,45,4263629.0,3413925.7369026747,849703.2630973253
126,45,4015749.0,4299473.193674116,-283724.1936741164
132,45,5787594.0,3754652.543143097,2032941.4568569032
135,45,7217634.0,4637240.582378807,2580393.4176211935
8,46,4952497.0,3500305.7883942653,1452191.2116057347
10,46,3745135.0,3181325.1183470483,563809.8816529517
11,46,5161370.0,4127673.475635371,1033696.5243646288
12,46,1734634.0,2777384.3339010184,-1042750.3339010184
16,46,19696939.0,6063087.831582499,13633851.168417502
21,46,1149870.0,3244365.1605028613,-2094495.1605028613
23,46,2999068.0,3829353.8459080337,-830285.8459080337
39,46,3818055.0,4810621.0994578805,-992566.0994578805
41,46,4554237.0,4302540.184061974,251696.8159380257
42,46,4952255.0,4586560.355923722,365694.64407627843
44,46,4264176.0,3416625.100386067,847550.8996139332
51,46,3273041.0,3772765.213303692,-499724.2133036922
57,46,3258837.0,3964358.007956826,-705521.0079568261
60,46,3164972.0,3767014.9087610133,-602042.9087610133
74,46,5500818.0,4127796.7133043837,1373021.2866956163
75,46,16549064.0,4554500.379879838,11994563.620120162
76,46,4590423.0,4023876.9879956343,566546.0120043657
78,46,3871344.0,3715265.0443283524,156078.95567164756
79,46,6313221.0,3885359.5942878723,2427861.4057121277
81,46,4066618.0,4165439.727775697,-98821.72777569713
83,46,5966193.0,5011014.13200992,955178.8679900803
95,46,1270499.0,3151989.5609499733,-1881490.5609499733
104,46,4467728.0,3777656.758811177,690071.2411888228
105,46,2792031.0,2946463.370912704,-154432.37091270415
106,46,4888774.0,3990422.8240664885,898351.1759335115
108,46,3570392.0,2941920.0502124056,628471.9497875944
131,46,3199619.0,4469003.742227346,-1269384.7422273457
136,46,6363241.0,5495677.182310037,867563.8176899627
1,47,6923131.0,3863325.8975552516,3059805.1024447484
4,47,4316715.0,3182620.646116266,1134094.353883734
13,47,4807746.0,5097241.065497745,-289495.0654977448
15,47,3218918.0,4364371.8872736,-1145453.8872736003
19,47,2021934.0,3886576.6983631616,-1864642.6983631616
22,47,3956086.0,4084147.130358267,-128061.13035826711
32,47,3261924.0,3678875.472198665,-416951.47219866514
34,47,4100886.0,4759018.19872988,-658132.1987298802
35,47,3903884.0,3870094.2229568404,33789.777043159585
36,47,3028267.0,3407437.8932471112,-379170.89324711123
45,47,3752885.0,4053330.848367178,-300445.8483671779
47,47,7865428.0,4377030.990784597,3488397.0092154033
59,47,3600467.0,5514594.455646014,-1914127.4556460138
67,47,4052733.0,5679548.970947476,-1626815.970947476
70,47,3982767.0,5292374.631836002,-1309607.6318360018
85,47,7495092.0,5989322.34171707,1505769.65828293
89,47,2364478.0,4700260.7946282895,-2335782.7946282895
98,47,2344689.0,3336295.3856912116,-991606.3856912116
100,47,9652350.0,5381988.721776592,4270361.278223408
103,47,4429512.0,3072158.149052156,1357353.8509478439
109,47,4219263.0,3790434.524706585,428828.47529341513
111,47,2993069.0,2855847.7347641117,137221.2652358883
119,47,3780019.0,2723897.4475403195,1056121.5524596805
125,47,4780607.0,3705898.907578707,1074708.0924212928
127,47,7592272.0,3090818.1269257944,4501453.873074206
129,47,3939804.0,4017018.761351815,-77214.76135181496
130,47,3376145.0,4104765.450823109,-728620.4508231091
2,48,2055379.0,1807345.8525481885,248033.14745181147
6,48,5166635.0,4254297.554298696,912337.4457013039
9,48,5444227.0,4034601.1055637063,1409625.8944362937
33,48,2371202.0,1956790.856727489,414411.14327251096
49,48,8630682.0,4199114.763624658,4431567.236375342
53,48,5595267.0,2408234.18244932,3187032.81755068
56,48,2390534.0,2677297.429268098,-286763.42926809797
58,48,3004429.0,4114056.3184127966,-1109627.3184127966
64,48,2551252.0,4487835.2923505865,-1936583.2923505865
66,48,1882131.0,4083350.2532864604,-2201219.2532864604
71,48,4136425.0,3897770.823485365,238654.17651463486
73,48,3347767.0,4072666.0309219784,-724899.0309219784
82,48,3807496.0,3654531.1381375687,152964.86186243128
86,48,3351383.0,3263449.502047091,87933.49795290921
87,48,5906596.0,4990084.322193785,916511.6778062154
92,48,6782425.0,3749398.6063245,3033026.3936755
94,48,3753720.0,3164711.175529657,589008.8244703431
96,48,6412623.0,4587667.256526556,1824955.7434734441
99,48,13575224.0,4915354.983765984,8659869.016234016
101,48,4758476.0,3442773.441269352,1315702.558730648
102,48,2738052.0,4285326.965443315,-1547274.965443315
107,48,3248660.0,4028774.9204445938,-780114.9204445938
110,48,2954086.0,3519799.1384456595,-565713.1384456595
116,48,8894598.0,3170796.5196568957,5723801.480343104
120,48,4067566.0,3574128.7844814323,493437.2155185677
121,48,3445076.0,3841420.918164717,-396344.91816471703
134,48,2544857.0,3812594.119713955,-1267737.119713955
0,49,5653753.0,4786044.170449293,867708.8295507068
3,49,2675511.0,3828718.249782949,-1153207.2497829492
7,49,4491607.0,3929575.5838171183,562031.4161828817
17,49,8213524.0,3723687.804136617,4489836.195863383
18,49,5337526.0,4016421.5424016467,1321104.4575983533
28,49,4705945.0,5375186.614761549,-669241.614761549
29,49,3447890.0,3263689.2598279337,184200.74017206626
31,49,2058644.0,3975002.0687686806,-1916358.0687686806
37,49,2740687.0,3908629.4364860025,-1167942.4364860025
46,49,4250758.0,4061122.396432148,189635.60356785217
48,49,7201784.0,4245137.719166909,2956646.2808330907
50,49,2156098.0,3650125.1579660075,-1494027.1579660075
54,49,4651866.0,3664328.36993901,987537.6300609899
61,49,4350573.0,5603658.469250997,-1253085.4692509966
62,49,5286212.0,3981059.8728486504,1305152.1271513496
65,49,1756069.0,2620355.8004936897,-864286.8004936897
77,49,1904842.0,3032557.7936544917,-1127715.7936544917
91,49,2083447.0,3722674.64000338,-1639227.64000338
93,49,3410878.0,3757081.35467849,-346203.3546784902
112,49,3784230.0,5209048.351634855,-1424818.3516348554
113,49,2097022.0,3917016.978788072,-1819994.9787880718
114,49,4155435.0,4428024.45480961,-272589.4548096098
117,49,2018785.0,4075528.434087874,-2056743.434087874
122,49,4286645.0,4191847.41477938,94797.58522062004
124,49,3810007.0,4068093.155544173,-258086.15554417297
128,49,2383840.0,4125714.2802504036,-1741874.2802504036
133,49,9262754.0,4814031.50034829,4448722.49965171
