province_name,province_name_en,plate_code,iso_code,region,nuts1_code,nuts2_code,nuts3_code,latitude,longitude,area_km2,city_center_elevation_m,population,population_male,population_female,population_density,population_growth_rate,median_age,district_count,gdp_try,gdp_per_capita_try,gdp_per_capita_usd,population_year,gdp_year,wikipedia_url,wikipedia_url_en,official_website
Adana,Adana,1,TR-01,Mediterranean,TR6,TR62,TR621,37.00167,35.32889,13844,23,2283609,1141614,1141995,165,0.14,34.2,15,800406554804,350981,10692,2025,2024,https://tr.wikipedia.org/wiki/Adana_(il),https://en.wikipedia.org/wiki/Adana_Province,https://www.adana.gov.tr/
Adıyaman,Adiyaman,2,TR-02,Southeastern Anatolia,TRC,TRC1,TRC12,37.76441,38.27629,7337,669,617821,312881,304940,84,1.11,,9,200120116833,327509,9977,2025,2024,https://tr.wikipedia.org/wiki/Adıyaman_(il),https://en.wikipedia.org/wiki/Adıyaman_Province,https://www.adiyaman.gov.tr/
Afyonkarahisar,Afyonkarahisar,3,TR-03,Aegean,TR3,TR33,TR332,38.75778,30.53861,14016,1021,751808,376802,375006,54,0.22,,18,252256897408,336256,10243,2025,2024,https://tr.wikipedia.org/wiki/Afyonkarahisar_(il),https://en.wikipedia.org/wiki/Afyonkarahisar_Province,https://www.afyonkarahisar.gov.tr/
Ağrı,Agri,4,TR-04,Eastern Anatolia,TRA,TRA2,TRA21,39.71861,43.05083,11099,1640,491489,254223,237266,44,-1.66,,8,97291262660,194660,5930,2025,2024,https://tr.wikipedia.org/wiki/Ağrı_(il),https://en.wikipedia.org/wiki/Ağrı_Province,https://www.agri.gov.tr/
Amasya,Amasya,5,TR-05,Black Sea,TR8,TR83,TR834,40.6524,35.8288,5628,412,342242,172102,170140,61,-0.04,,7,118591522128,346376,10552,2025,2024,https://tr.wikipedia.org/wiki/Amasya_(il),https://en.wikipedia.org/wiki/Amasya_Province,https://www.amasya.gov.tr/
Ankara,Ankara,6,TR-06,Central Anatolia,TR5,TR51,TR510,39.9199,32.8543,25632,938,5910320,2911853,2998467,231,0.79,,25,4625907830091,788859,24031,2025,2024,https://tr.wikipedia.org/wiki/Ankara_(il),https://en.wikipedia.org/wiki/Ankara_Province,https://www.ankara.gov.tr/
Antalya,Antalya,7,TR-07,Mediterranean,TR6,TR61,TR611,36.90812,30.69556,20177,61,2777677,1397014,1380663,138,2.02,36.8,19,1528267565187,561429,17103,2025,2024,https://tr.wikipedia.org/wiki/Antalya_(il),https://en.wikipedia.org/wiki/Antalya_Province,https://www.antalya.gov.tr/
Artvin,Artvin,8,TR-08,Black Sea,TR9,TR90,TR905,41.18333,41.81806,7393,345,167531,83906,83625,23,-1.03,,9,66037482240,390108,11884,2025,2024,https://tr.wikipedia.org/wiki/Artvin_(il),https://en.wikipedia.org/wiki/Artvin_Province,https://www.artvin.gov.tr/
Aydın,Aydin,9,TR-09,Aegean,TR3,TR32,TR321,37.8481,27.8453,8116,56,1172107,580536,591571,144,0.53,40.0,17,451542907211,387277,11798,2025,2024,https://tr.wikipedia.org/wiki/Aydın_(il),https://en.wikipedia.org/wiki/Aydın_Province,https://www.aydin.gov.tr/
Balıkesir,Balikesir,10,TR-10,Marmara,TR2,TR22,TR221,39.6472,27.8881,14583,70,1284517,638871,645646,88,0.66,43.0,20,586639196544,459714,14004,2025,2024,https://tr.wikipedia.org/wiki/Balıkesir_(il),https://en.wikipedia.org/wiki/Balıkesir_Province,https://www.balikesir.gov.tr/
Bilecik,Bilecik,11,TR-11,Marmara,TR4,TR41,TR413,40.14306,29.97917,4179,513,228995,115833,113162,55,0.22,,8,120524943135,527473,16068,2025,2024,https://tr.wikipedia.org/wiki/Bilecik_(il),https://en.wikipedia.org/wiki/Bilecik_Province,https://www.bilecik.gov.tr/
Bingöl,Bingol,12,TR-12,Eastern Anatolia,TRB,TRB1,TRB13,38.88611,40.50167,8004,1151,282299,141831,140468,35,-0.34,,8,78386151788,276713,8429,2025,2024,https://tr.wikipedia.org/wiki/Bing%C3%B6l_ili,https://en.wikipedia.org/wiki/Bing%C3%B6l_Province,https://bingol.gov.tr/
Bitlis,Bitlis,13,TR-13,Eastern Anatolia,TRB,TRB2,TRB23,38.4,42.10833,8294,1605,360423,186601,173822,43,0.17,,7,83428321152,231869,7063,2025,2024,https://tr.wikipedia.org/wiki/Bitlis_(il),https://en.wikipedia.org/wiki/Bitlis_Province,https://www.bitlis.gov.tr/
Bolu,Bolu,14,TR-14,Black Sea,TR4,TR42,TR424,40.67917,31.55833,8313,725,327173,162989,164184,39,0.23,38.8,9,178975603653,548317,16703,2025,2024,https://tr.wikipedia.org/wiki/Bolu_(il),https://en.wikipedia.org/wiki/Bolu_Province,https://www.bolu.gov.tr/
Burdur,Burdur,15,TR-15,Mediterranean,TR6,TR61,TR613,37.7203,30.2908,7175,950,277226,139689,137537,39,0.51,,11,108199919976,392276,11950,2025,2024,https://tr.wikipedia.org/wiki/Burdur_(il),https://en.wikipedia.org/wiki/Burdur_Province,https://www.burdur.gov.tr/
Bursa,Bursa,16,TR-16,Marmara,TR4,TR41,TR411,40.1972,29.0622,10813,155,3263011,1628212,1634799,302,0.75,,17,1596237085368,492876,15014,2025,2024,https://tr.wikipedia.org/wiki/Bursa_(il),https://en.wikipedia.org/wiki/Bursa_Province,https://www.bursa.gov.tr/
Çanakkale,Canakkale,17,TR-17,Marmara,TR2,TR22,TR222,40.1555,26.4127,9933,2,573976,284409,289567,58,0.88,,12,274628508880,482680,14704,2025,2024,https://tr.wikipedia.org/wiki/Çanakkale_(il),https://en.wikipedia.org/wiki/Çanakkale_Province,https://www.canakkale.gov.tr/
Çankırı,Cankiri,18,TR-18,Central Anatolia,TR8,TR82,TR822,40.5986,33.6192,7542,800,200549,100567,99982,26,0.28,40.3,12,86069022666,430386,13111,2025,2024,https://tr.wikipedia.org/wiki/Çankırı_(il),https://en.wikipedia.org/wiki/Çankırı_Province,https://www.cankiri.gov.tr/
Çorum,Corum,19,TR-19,Black Sea,TR8,TR83,TR833,40.5522,34.9539,12428,820,519590,258085,261505,42,-0.3,41.3,14,171313287675,328605,10010,2025,2024,https://tr.wikipedia.org/wiki/Çorum_(il),https://en.wikipedia.org/wiki/Çorum_Province,https://www.corum.gov.tr/
Denizli,Denizli,20,TR-20,Aegean,TR3,TR32,TR322,37.84,29.07,12134,354,1060975,526573,534402,87,-0.04,,19,436272304066,411046,12522,2025,2024,https://tr.wikipedia.org/wiki/Denizli_(il),https://en.wikipedia.org/wiki/Denizli_Province,https://www.denizli.gov.tr/
Diyarbakır,Diyarbakir,21,TR-21,Southeastern Anatolia,TRC,TRC2,TRC22,37.9136,40.2172,15168,675,1852356,935763,916593,122,1.02,26.7,17,449296588416,245024,7464,2025,2024,https://tr.wikipedia.org/wiki/Diyarbakır_(il),https://en.wikipedia.org/wiki/Diyarbakır_Province,https://www.diyarbakir.gov.tr/
Edirne,Edirne,22,TR-22,Marmara,TR2,TR21,TR212,41.6769,26.5556,6145,42,422438,212403,210035,69,0.28,41.8,9,175772050702,417266,12711,2025,2024,https://tr.wikipedia.org/wiki/Edirne_(il),https://en.wikipedia.org/wiki/Edirne_Province,https://www.edirne.gov.tr/
Elazığ,Elazig,23,TR-23,Eastern Anatolia,TRB,TRB1,TRB12,38.675,39.222,9383,1067,605678,299091,306587,65,0.29,35.7,11,211342509599,349939,10660,2025,2024,https://tr.wikipedia.org/wiki/Elazığ_ili,https://en.wikipedia.org/wiki/Elazığ_Province,https://www.elazig.gov.tr/
Erzincan,Erzincan,24,TR-24,Eastern Anatolia,TRA,TRA1,TRA12,39.747,39.491,11815,1185,239625,121927,117698,20,-0.67,36.1,9,95123191329,394311,12012,2025,2024,https://tr.wikipedia.org/wiki/Erzincan_(il),https://en.wikipedia.org/wiki/Erzincan_Province,https://www.erzincan.gov.tr/
Erzurum,Erzurum,25,TR-25,Eastern Anatolia,TRA,TRA1,TRA11,39.9086,41.2769,25006,1959,736877,366932,369945,29,-1.09,31.5,20,239255375730,321146,9783,2025,2024,https://tr.wikipedia.org/wiki/Erzurum_(il),https://en.wikipedia.org/wiki/Erzurum_Province,https://www.erzurum.gov.tr/
Eskişehir,Eskisehir,26,TR-26,Central Anatolia,TR4,TR41,TR412,39.7714,30.5183,13960,792,927956,461180,466776,66,0.69,38.6,14,489232539420,530834,16171,2025,2024,https://tr.wikipedia.org/wiki/Eskişehir_(il),https://en.wikipedia.org/wiki/Eskişehir_Province,https://www.eskisehir.gov.tr/
Gaziantep,Gaziantep,27,TR-27,Southeastern Anatolia,TRC,TRC1,TRC11,37.0594,37.3825,6803,842,2222415,1119557,1102858,327,1.32,,9,697936880052,318204,9693,2025,2024,https://tr.wikipedia.org/wiki/Gaziantep_(il),https://en.wikipedia.org/wiki/Gaziantep_Province,https://www.gaziantep.gov.tr/
Giresun,Giresun,28,TR-28,Black Sea,TR9,TR90,TR903,40.917,38.3874,6972,10,455074,227438,227636,65,-0.19,43.5,16,140345557416,307828,9377,2025,2024,https://tr.wikipedia.org/wiki/Giresun_(il),https://en.wikipedia.org/wiki/Giresun_Province,https://www.giresun.gov.tr/
Gümüşhane,Gumushane,29,TR-29,Black Sea,TR9,TR90,TR906,40.45972,39.47778,6668,1153,138807,69599,69208,21,-2.67,,6,40996397586,287458,8783,2025,2024,https://tr.wikipedia.org/wiki/Gümüşhane_(il),https://en.wikipedia.org/wiki/Gümüşhane_Province,https://www.gumushane.gov.tr/
Hakkari,Hakkari,30,TR-30,Eastern Anatolia,TRB,TRB2,TRB24,37.57444,43.74083,7095,1720,279681,146241,133440,39,-0.89,,5,85998271632,304752,9284,2025,2024,https://tr.wikipedia.org/wiki/Hakkâri_(il),https://en.wikipedia.org/wiki/Hakkâri_Province,https://www.hakkari.gov.tr/
Hatay,Hatay,31,TR-31,Mediterranean,TR6,TR63,TR631,36.2025,36.1606,5524,85,1577531,797385,780146,286,0.98,,15,542043826930,346978,10570,2025,2024,https://tr.wikipedia.org/wiki/Hatay,https://en.wikipedia.org/wiki/Hatay_Province,https://www.hatay.gov.tr/
Isparta,Isparta,32,TR-32,Mediterranean,TR6,TR61,TR612,37.76472,30.55667,8946,1035,445303,219724,225579,50,-0.25,,13,173307580434,388226,11826,2025,2024,https://tr.wikipedia.org/wiki/Isparta_(il),https://en.wikipedia.org/wiki/Isparta_Province,https://www.isparta.gov.tr/
Mersin,Mersin,33,TR-33,Mediterranean,TR6,TR62,TR622,36.8,34.6333,16010,10,1956428,977092,979336,122,0.11,35.9,13,869187082319,444761,13549,2025,2024,https://tr.wikipedia.org/wiki/Mersin_(il),https://en.wikipedia.org/wiki/Mersin_Province,https://www.mersin.gov.tr/
İstanbul,Istanbul,34,TR-34,Marmara,TR1,TR10,TR100,41.0136,28.955,5461,39,15754053,7851344,7902709,2885,0.33,,39,12603189175738,802669,24452,2025,2024,https://tr.wikipedia.org/wiki/İstanbul_(il),https://en.wikipedia.org/wiki/Istanbul,https://www.istanbul.gov.tr/
İzmir,Izmir,35,TR-35,Aegean,TR3,TR31,TR310,38.4244,27.1322,11891,2,4504185,2227738,2276447,376,0.24,39.5,30,2499932010992,556376,16949,2025,2024,https://tr.wikipedia.org/wiki/İzmir_(il),https://en.wikipedia.org/wiki/İzmir_Province,https://www.izmir.gov.tr/
Kars,Kars,36,TR-36,Eastern Anatolia,TRA,TRA2,TRA22,40.6078,43.0958,10193,1768,268991,138282,130709,26,-1.22,,8,82258834700,302089,9203,2025,2024,https://tr.wikipedia.org/wiki/Kars_(il),https://en.wikipedia.org/wiki/Kars_Province,https://www.kars.gov.tr/
Kastamonu,Kastamonu,37,TR-37,Black Sea,TR8,TR82,TR821,41.3887,33.7827,13064,775,379934,188390,191544,29,-0.54,43.3,20,150907836496,395056,12035,2025,2024,https://tr.wikipedia.org/wiki/Kastamonu_(il),https://en.wikipedia.org/wiki/Kastamonu_Province,https://www.kastamonu.gov.tr/
Kayseri,Kayseri,38,TR-38,Central Anatolia,TR7,TR72,TR721,38.7205,35.4826,16969,1054,1458991,728836,730155,86,0.45,34.4,16,586262884830,403635,12296,2025,2024,https://tr.wikipedia.org/wiki/Kayseri_(il),https://en.wikipedia.org/wiki/Kayseri_Province,https://www.kayseri.gov.tr/
Kırklareli,Kirklareli,39,TR-39,Marmara,TR2,TR21,TR213,41.7333,27.2167,6459,232,379595,191878,187717,59,0.15,,8,201412525028,531388,16188,2025,2024,https://tr.wikipedia.org/wiki/Kırklareli_(il),https://en.wikipedia.org/wiki/Kırklareli_Province,https://www.kirklareli.gov.tr/
Kırşehir,Kirsehir,40,TR-40,Central Anatolia,TR7,TR71,TR715,39.1425,34.1709,6584,1007,242777,120876,121901,37,-0.72,,7,84867488386,347041,10572,2025,2024,https://tr.wikipedia.org/wiki/Kırşehir_(il),https://en.wikipedia.org/wiki/Kırşehir_Province,https://www.kirsehir.gov.tr/
Kocaeli,Kocaeli,41,TR-41,Marmara,TR4,TR42,TR421,40.765278,29.940833,3397,4,2161171,1088753,1072418,636,1.46,,12,1680304223238,788873,24031,2025,2024,https://tr.wikipedia.org/wiki/Kocaeli,https://en.wikipedia.org/wiki/Kocaeli_Province,https://www.kocaeli.gov.tr/
Konya,Konya,42,TR-42,Central Anatolia,TR5,TR52,TR521,37.87444,32.49306,40838,1016,2343409,1163850,1179559,57,0.57,,31,906008862184,388841,11845,2025,2024,https://tr.wikipedia.org/wiki/Konya_(il),https://en.wikipedia.org/wiki/Konya_Province,https://www.konya.gov.tr/
Kütahya,Kutahya,43,TR-43,Aegean,TR3,TR33,TR333,39.4242,29.9833,11634,970,570478,281375,289103,49,-0.11,,13,232162052574,406533,12384,2025,2024,https://tr.wikipedia.org/wiki/Kütahya_(il),https://en.wikipedia.org/wiki/Kütahya_Province,https://www.kutahya.gov.tr/
Malatya,Malatya,44,TR-44,Eastern Anatolia,TRB,TRB1,TRB11,38.3502,38.3167,12259,954,755854,378686,377168,62,0.71,35.1,13,274589647080,365880,11146,2025,2024,https://tr.wikipedia.org/wiki/Malatya_(il),https://en.wikipedia.org/wiki/Malatya_Province,https://www.malatya.gov.tr/
Manisa,Manisa,45,TR-45,Aegean,TR3,TR33,TR331,38.6144,27.4292,13339,71,1477756,741193,736563,111,0.16,38.27,17,670850385865,454705,13852,2025,2024,https://tr.wikipedia.org/wiki/Manisa_(il),https://en.wikipedia.org/wiki/Manisa_Province,https://www.manisa.gov.tr/
Kahramanmaraş,Kahramanmaras,46,TR-46,Mediterranean,TR6,TR63,TR632,37.5753,36.9228,14520,568,1146278,584074,562204,81,1.07,31.9,11,388302808635,342387,10430,2025,2024,https://tr.wikipedia.org/wiki/Kahramanmaraş_(il),https://en.wikipedia.org/wiki/Kahramanmaraş_Province,https://www.kahramanmaras.gov.tr/
Mardin,Mardin,47,TR-47,Southeastern Anatolia,TRC,TRC3,TRC31,37.31306,40.735,8779,1050,903576,453777,449799,103,0.86,,10,221662715976,247416,7537,2025,2024,https://tr.wikipedia.org/wiki/Mardin_(il),https://en.wikipedia.org/wiki/Mardin_Province,https://www.mardin.gov.tr/
Muğla,Mugla,48,TR-48,Aegean,TR3,TR32,TR323,37.217,28.367,12655,660,1099547,558628,540919,87,1.63,,13,569660314451,526553,16040,2025,2024,https://tr.wikipedia.org/wiki/Muğla_(il),https://en.wikipedia.org/wiki/Muğla_Province,https://www.mugla.gov.tr/
Muş,Mus,49,TR-49,Eastern Anatolia,TRB,TRB2,TRB22,38.7333,41.4911,8196,1350,389127,197610,191517,47,-0.81,25.3,6,90346920300,230300,7016,2025,2024,https://tr.wikipedia.org/wiki/Muş_(il),https://en.wikipedia.org/wiki/Muş_Province,https://www.mus.gov.tr/
Nevşehir,Nevsehir,50,TR-50,Central Anatolia,TR7,TR71,TR714,38.625,34.7122,5486,1150,320150,157815,162335,58,0.69,36.6,8,116129106432,365241,11126,2025,2024,https://tr.wikipedia.org/wiki/Nevşehir_(il),https://en.wikipedia.org/wiki/Nevşehir_Province,https://www.nevsehir.gov.tr/
Niğde,Nigde,51,TR-51,Central Anatolia,TR7,TR71,TR713,37.91583,34.69361,7234,1276,374492,187502,186990,52,0.48,,6,135219953232,362804,11052,2025,2024,https://tr.wikipedia.org/wiki/Niğde_(il),https://en.wikipedia.org/wiki/Niğde_Province,https://www.nigde.gov.tr/
Ordu,Ordu,52,TR-52,Black Sea,TR9,TR90,TR902,40.983,37.883,5914,5,768087,382776,385311,131,-0.34,,19,226421789713,293783,8949,2025,2024,https://tr.wikipedia.org/wiki/Ordu_(il),https://en.wikipedia.org/wiki/Ordu_Province,https://www.ordu.gov.tr/
Rize,Rize,53,TR-53,Black Sea,TR9,TR90,TR904,41.02472,40.52222,3835,6,346947,173549,173398,90,-0.01,,12,123433597980,355740,10837,2025,2024,https://tr.wikipedia.org/wiki/Rize_(il),https://en.wikipedia.org/wiki/Rize_Province,https://www.rize.gov.tr/
Sakarya,Sakarya,54,TR-54,Marmara,TR4,TR42,TR422,40.783,30.4,4824,31,1123693,563586,560107,233,1.17,,16,532515238110,479426,14605,2025,2024,https://tr.wikipedia.org/wiki/Sakarya_(il),https://en.wikipedia.org/wiki/Sakarya_Province,https://www.sakarya.gov.tr/
Samsun,Samsun,55,TR-55,Black Sea,TR8,TR83,TR831,41.2903,36.3336,9725,4,1392403,689283,703120,143,0.73,,17,510670430040,369415,11253,2025,2024,https://tr.wikipedia.org/wiki/Samsun_(il),https://en.wikipedia.org/wiki/Samsun_Province,https://www.samsun.gov.tr/
Siirt,Siirt,56,TR-56,Southeastern Anatolia,TRC,TRC3,TRC34,37.925,41.9458,5718,887,332369,169048,163321,58,-1.21,,7,88086759930,261810,7975,2025,2024,https://tr.wikipedia.org/wiki/Siirt_(il),https://en.wikipedia.org/wiki/Siirt_Province,https://www.siirt.gov.tr/
Sinop,Sinop,57,TR-57,Black Sea,TR8,TR82,TR823,42.02667,35.15111,5717,27,225848,112226,113622,39,-0.49,,9,72858417011,321023,9779,2025,2024,https://tr.wikipedia.org/wiki/Sinop_(il),https://en.wikipedia.org/wiki/Sinop_Province,https://www.sinop.gov.tr/
Sivas,Sivas,58,TR-58,Central Anatolia,TR7,TR72,TR722,39.75056,37.015,28164,1285,631401,315268,316133,22,-0.88,,17,223674815938,351134,10697,2025,2024,https://tr.wikipedia.org/wiki/Sivas_(il),https://en.wikipedia.org/wiki/Sivas_Province,https://www.sivas.gov.tr/
Tekirdağ,Tekirdag,59,TR-59,Marmara,TR2,TR21,TR211,40.9778,27.5183,6190,37,1208441,615806,592635,195,1.79,,11,717314146612,604226,18406,2025,2024,https://tr.wikipedia.org/wiki/Tekirdağ_(il),https://en.wikipedia.org/wiki/Tekirdağ_Province,https://www.tekirdag.gov.tr/
Tokat,Tokat,60,TR-60,Black Sea,TR8,TR83,TR832,40.3223,36.5582,10042,623,614141,305975,308166,61,0.24,,12,162068815198,264527,8058,2025,2024,https://tr.wikipedia.org/wiki/Tokat_(il),https://en.wikipedia.org/wiki/Tokat_Province,https://www.tokat.gov.tr/
Trabzon,Trabzon,61,TR-61,Black Sea,TR9,TR90,TR901,41.005,39.7225,4628,33,823323,408242,415081,178,0.13,,18,284479929630,345969,10539,2025,2024,https://tr.wikipedia.org/wiki/Trabzon_(il),https://en.wikipedia.org/wiki/Trabzon_Province,https://www.trabzon.gov.tr/
Tunceli,Tunceli,62,TR-62,Eastern Anatolia,TRB,TRB1,TRB14,39.1064,39.5472,7582,914,85083,44420,40663,11,-1.77,,8,41458999100,478675,14582,2025,2024,https://tr.wikipedia.org/wiki/Tunceli_(il),https://en.wikipedia.org/wiki/Tunceli_Province,https://www.tunceli.gov.tr/
Şanlıurfa,Sanliurfa,63,TR-63,Southeastern Anatolia,TRC,TRC2,TRC21,37.15833,38.79167,19242,477,2265800,1142783,1123017,118,1.25,,13,421018295280,188144,5731,2025,2024,https://tr.wikipedia.org/wiki/Şanlıurfa_(il),https://en.wikipedia.org/wiki/Şanlıurfa_Province,https://www.sanliurfa.gov.tr/
Uşak,Usak,64,TR-64,Aegean,TR3,TR33,TR334,38.67778,29.40417,5555,906,374405,185487,188918,67,-0.24,,6,149253280800,397680,12114,2025,2024,https://tr.wikipedia.org/wiki/Uşak_(il),https://en.wikipedia.org/wiki/Uşak_Province,https://www.usak.gov.tr/
Van,Van,65,TR-65,Eastern Anatolia,TRB,TRB2,TRB21,38.49417,43.38,20921,1726,1112013,566544,545469,53,-0.54,,13,227026447263,203049,6185,2025,2024,https://tr.wikipedia.org/wiki/Van_(il),https://en.wikipedia.org/wiki/Van_Province,https://www.van.gov.tr/
Yozgat,Yozgat,66,TR-66,Central Anatolia,TR7,TR72,TR723,39.82083,34.80833,13690,1300,413208,208491,204717,30,0.01,,14,125223728007,303087,9233,2025,2024,https://tr.wikipedia.org/wiki/Yozgat_(il),https://en.wikipedia.org/wiki/Yozgat_Province,https://www.yozgat.gov.tr/
Zonguldak,Zonguldak,67,TR-67,Black Sea,TR8,TR81,TR811,41.45639,31.79861,3342,60,585203,290246,294957,175,-0.27,,8,214095296502,364851,11114,2025,2024,https://tr.wikipedia.org/wiki/Zonguldak_(il),https://en.wikipedia.org/wiki/Zonguldak_Province,https://www.zonguldak.gov.tr/
Aksaray,Aksaray,68,TR-68,Central Anatolia,TR7,TR71,TR712,38.37417,34.02889,7659,980,441136,220441,220695,58,0.38,,8,177715814542,404383,12319,2025,2024,https://tr.wikipedia.org/wiki/Aksaray_(il),https://en.wikipedia.org/wiki/Aksaray_Province,https://www.aksaray.gov.tr/
Bayburt,Bayburt,69,TR-69,Black Sea,TRA,TRA1,TRA13,40.2597,40.2278,3746,1550,82836,41998,40838,22,-1.0,,3,27732904032,331432,10096,2025,2024,https://tr.wikipedia.org/wiki/Bayburt_(il),https://en.wikipedia.org/wiki/Bayburt_Province,https://www.bayburt.gov.tr/
Karaman,Karaman,70,TR-70,Central Anatolia,TR5,TR52,TR522,37.1819,33.2181,8678,1039,262355,130905,131450,30,-0.17,,6,123997933350,471850,14374,2025,2024,https://tr.wikipedia.org/wiki/Karaman_(il),https://en.wikipedia.org/wiki/Karaman_Province,https://www.karaman.gov.tr/
Kırıkkale,Kirikkale,71,TR-71,Central Anatolia,TR7,TR71,TR711,39.84,33.50528,4791,740,282830,142104,140726,59,-0.08,,9,123428374233,436061,13284,2025,2024,https://tr.wikipedia.org/wiki/Kırıkkale_(il),https://en.wikipedia.org/wiki/Kırıkkale_Province,https://www.kirikkale.gov.tr/
Batman,Batman,72,TR-72,Southeastern Anatolia,TRC,TRC3,TRC32,37.887,41.132,4477,540,662626,335382,327244,148,1.24,,6,154744818816,236422,7202,2025,2024,https://tr.wikipedia.org/wiki/Batman_(il),https://en.wikipedia.org/wiki/Batman_Province,https://www.batman.gov.tr/
Şırnak,Sirnak,73,TR-73,Southeastern Anatolia,TRC,TRC3,TRC33,37.52,42.459,7078,1343,573666,296986,276680,81,0.5,,7,174758379900,306150,9326,2025,2024,https://tr.wikipedia.org/wiki/Şırnak_(il),https://en.wikipedia.org/wiki/Şırnak_Province,https://www.sirnak.gov.tr/
Bartın,Bartin,74,TR-74,Black Sea,TR8,TR81,TR813,41.63444,32.3375,2330,27,206663,102394,104269,89,-0.03,,4,65835420060,318484,9702,2025,2024,https://tr.wikipedia.org/wiki/Bartın_(il),https://en.wikipedia.org/wiki/Bartın_Province,https://www.bartin.gov.tr/
Ardahan,Ardahan,75,TR-75,Eastern Anatolia,TRA,TRA2,TRA24,41.11111,42.70222,4934,1811,90392,47059,43333,18,-1.05,,6,35180790816,385104,11731,2025,2024,https://tr.wikipedia.org/wiki/Ardahan_(il),https://en.wikipedia.org/wiki/Ardahan_Province,https://www.ardahan.gov.tr/
Iğdır,Igdir,76,TR-76,Eastern Anatolia,TRA,TRA2,TRA23,39.92083,44.04444,3664,850,205071,105907,99164,56,-0.86,,4,54752979330,264690,8063,2025,2024,https://tr.wikipedia.org/wiki/Iğdır_(il),https://en.wikipedia.org/wiki/Iğdır_Province,https://www.igdir.gov.tr/
Yalova,Yalova,77,TR-77,Marmara,TR4,TR42,TR425,40.65502,29.27693,798,30,311635,155593,156042,390,1.22,,6,154320002742,501231,15269,2025,2024,https://tr.wikipedia.org/wiki/Yalova_(il),https://en.wikipedia.org/wiki/Yalova_Province,https://www.yalova.gov.tr/
Karabük,Karabuk,78,TR-78,Black Sea,TR8,TR81,TR812,41.20488,32.62768,4142,301,249614,126021,123593,60,-0.34,,6,92623007230,369785,11265,2025,2024,https://tr.wikipedia.org/wiki/Karabük_(il),https://en.wikipedia.org/wiki/Karabük_Province,https://www.karabuk.gov.tr/
Kilis,Kilis,79,TR-79,Southeastern Anatolia,TRC,TRC1,TRC13,36.717,37.117,1412,660,157363,79727,77636,111,0.4,,4,39743838013,253567,7724,2025,2024,https://tr.wikipedia.org/wiki/Kilis_(il),https://en.wikipedia.org/wiki/Kilis_Province,https://www.kilis.gov.tr/
Osmaniye,Osmaniye,80,TR-80,Mediterranean,TR6,TR63,TR633,37.075,36.25,3320,121,564123,283982,280141,170,0.55,,7,177383923638,316158,9631,2025,2024,https://tr.wikipedia.org/wiki/Osmaniye_(il),https://en.wikipedia.org/wiki/Osmaniye_Province,https://www.osmaniye.gov.tr/
Düzce,Duzce,81,TR-81,Black Sea,TR4,TR42,TR423,40.8417,31.1583,2492,146,415622,207675,207947,167,0.79,,8,185721386976,450404,13721,2025,2024,https://tr.wikipedia.org/wiki/Düzce_(il),https://en.wikipedia.org/wiki/Düzce_Province,https://www.duzce.gov.tr/
